Goods	0
Goods	1
Goods	5
Goods	10
Goods	11
Goods	12
Goods	13
Goods	14
Goods	15
Goods	16
Goods	20
Goods	21
Goods	22
Goods	23
Goods	24
Goods	25
Goods	26
Goods	27
Goods	28
Goods	29
Goods	30
Goods	31
Goods	35
Goods	40
Goods	41
Goods	42
Goods	43
Goods	44
Goods	60
Goods	61
Goods	62
Goods	63
Goods	64
Goods	65
Goods	66
Goods	67
Goods	68
Goods	69
Goods	70
Goods	71
Goods	72
Goods	73
Goods	74
Goods	75
Goods	76
Goods	77
Goods	78
Goods	79
Goods	90
Goods	91
Goods	92
Goods	93
Goods	94
Goods	98
Goods	99
Goods	100
Goods	101
Goods	102
Goods	103
Goods	104
Goods	105
Goods	106
Goods	107
Goods	108
Goods	109
Goods	110
Goods	111
Goods	112
Goods	113
Goods	114
Goods	115
Goods	130
Goods	135
Goods	140
Goods	141
Goods	142
Goods	143
Goods	150
Goods	166
Goods	170
Goods	171
Goods	172
Goods	174
Goods	175
Goods	178
Goods	179
Goods	180
Goods	181
Goods	182
Goods	183
Goods	184
Goods	190
Goods	191
Goods	192
Goods	193
Goods	194
Goods	195
Goods	196
Goods	250
Goods	251
Goods	300
Goods	301
Goods	302
Goods	320
Goods	321
Goods	330
Goods	340
Goods	350
Goods	351
Goods	360
Goods	370
Goods	380
Goods	390
Goods	391
Goods	400
Goods	420
Goods	430
Goods	440
Goods	450
Goods	460
Goods	470
Goods	480
Goods	490
Goods	510
Goods	600
Goods	610
Goods	630
Goods	640
Goods	650
Goods	660
Goods	661
Goods	670
Goods	810
Goods	811
Goods	812
Goods	820
Goods	830
Goods	900
Goods	910
Goods	920
Goods	930
Goods	940
Goods	950
Goods	960
Goods	1000
Goods	1001
Goods	1002
Goods	1003
Goods	1004
Goods	1005
Goods	1006
Goods	1007
Goods	1008
Goods	1009
Goods	1010
Goods	1011
Goods	1012
Goods	1013
Goods	1014
Goods	1015
Goods	1016
Goods	1017
Goods	1018
Goods	1019
Goods	1020
Goods	1021
Goods	1022
Goods	1023
Goods	1024
Goods	1025
Goods	1050
Goods	1051
Goods	1052
Goods	1053
Goods	1054
Goods	1055
Goods	1056
Goods	1057
Goods	1058
Goods	1059
Goods	1060
Goods	1061
Goods	1062
Goods	1063
Goods	1064
Goods	1065
Goods	1066
Goods	1067
Goods	1068
Goods	1069
Goods	1070
Goods	1071
Goods	1072
Goods	1073
Goods	1074
Goods	1075
Goods	1100
Goods	1110
Goods	1120
Goods	1130
Goods	1140
Goods	1150
Goods	1160
Goods	1170
Goods	1180
Goods	1190
Goods	1200
Goods	1210
Goods	1220
Goods	1235
Goods	1240
Goods	1250
Goods	1290
Goods	1291
Goods	1295
Goods	1310
Goods	1320
Goods	1330
Goods	1340
Goods	1350
Goods	1400
Goods	1410
Goods	1420
Goods	1430
Goods	1440
Goods	1450
Goods	1460
Goods	1470
Goods	1480
Goods	1490
Goods	1500
Goods	1510
Goods	1520
Goods	1530
Goods	1540
Goods	1550
Goods	1560
Goods	1570
Goods	1590
Goods	1690
Goods	1700
Goods	1710
Goods	1720
Goods	1730
Goods	1740
Goods	1750
Goods	1760
Goods	1830
Goods	1831
Goods	1840
Goods	1841
Goods	2020
Goods	2030
Goods	2040
Goods	2050
Goods	2070
Goods	2080
Goods	2090
Goods	2100
Goods	2120
Goods	2130
Goods	2140
Goods	2150
Goods	2160
Goods	2190
Goods	2200
Goods	2201
Goods	2202
Goods	2203
Goods	2204
Goods	2205
Goods	2206
Goods	2207
Goods	2500
Goods	2501
Goods	2502
Goods	2503
Goods	2900
Goods	2901
Goods	2902
Goods	2903
Goods	2904
Goods	2905
Goods	2906
Goods	2907
Goods	2908
Goods	2909
Goods	2910
Goods	2911
Goods	2912
Goods	2913
Goods	2914
Goods	2915
Goods	2916
Goods	2917
Goods	2918
Goods	2919
Goods	2950
Goods	2951
Goods	2952
Goods	2953
Goods	2954
Goods	2955
Goods	2956
Goods	2957
Goods	2958
Goods	2959
Goods	2960
Goods	2961
Goods	2962
Goods	2963
Goods	2964
Goods	2965
Goods	2966
Goods	2967
Goods	2968
Goods	2969
Goods	2970
Goods	2971
Goods	2990
Goods	3000
Goods	3010
Goods	3011
Goods	3020
Goods	3030
Goods	3040
Goods	3050
Goods	3051
Goods	3060
Goods	3070
Goods	3080
Goods	3300
Goods	3310
Goods	3311
Goods	3320
Goods	3350
Goods	3360
Goods	3361
Goods	3500
Goods	3510
Goods	3520
Goods	3550
Goods	3580
Goods	3610
Goods	4000
Goods	4001
Goods	4010
Goods	4020
Goods	4021
Goods	4030
Goods	4040
Goods	4050
Goods	4060
Goods	4070
Goods	4080
Goods	4090
Goods	4100
Goods	4110
Goods	4120
Goods	4130
Goods	4131
Goods	4140
Goods	4150
Goods	4160
Goods	4170
Goods	4200
Goods	4210
Goods	4220
Goods	4300
Goods	4301
Goods	4302
Goods	4360
Goods	4361
Goods	4370
Goods	4380
Goods	4381
Goods	4390
Goods	4400
Goods	4401
Goods	4402
Goods	4403
Goods	4410
Goods	4411
Goods	4412
Goods	4413
Goods	4414
Goods	4415
Goods	4416
Goods	4420
Goods	4421
Goods	4422
Goods	4423
Goods	4424
Goods	4430
Goods	4431
Goods	4432
Goods	4440
Goods	4450
Goods	4460
Goods	4470
Goods	4480
Goods	4490
Goods	4491
Goods	4492
Goods	4493
Goods	4494
Goods	4495
Goods	4500
Goods	4510
Goods	4520
Goods	4530
Goods	4531
Goods	4540
Goods	4550
Goods	4551
Goods	4560
Goods	4570
Goods	4580
Goods	4581
Goods	4590
Goods	4600
Goods	4601
Goods	4602
Goods	4603
Goods	4604
Goods	4605
Goods	4610
Goods	4620
Goods	4621
Goods	4630
Goods	4640
Goods	4650
Goods	4651
Goods	4652
Goods	4660
Goods	4670
Goods	4671
Goods	4672
Goods	4680
Goods	4690
Goods	4700
Goods	4701
Goods	4702
Goods	4710
Goods	4711
Goods	4712
Goods	4720
Goods	4721
Goods	4722
Goods	4730
Goods	4731
Goods	4740
Goods	4750
Goods	4760
Goods	4770
Goods	4780
Goods	4790
Goods	4791
Goods	4800
Goods	4801
Goods	4802
Goods	4810
Goods	4811
Goods	4820
Goods	4830
Goods	4840
Goods	4841
Goods	4842
Goods	4850
Goods	4851
Goods	4852
Goods	4853
Goods	4854
Goods	4860
Goods	4861
Goods	4870
Goods	4871
Goods	4872
Goods	4880
Goods	4881
Goods	4890
Goods	4891
Goods	4900
Goods	4901
Goods	4910
Goods	4911
Goods	4920
Goods	4921
Goods	4930
Goods	4931
Goods	4932
Goods	4940
Goods	4941
Goods	4950
Goods	4951
Goods	4960
Goods	4970
Goods	4971
Goods	4972
Goods	4980
Goods	4990
Goods	4991
Goods	5000
Goods	5001
Goods	5002
Goods	5010
Goods	5011
Goods	5012
Goods	5020
Goods	5021
Goods	5022
Goods	5023
Goods	5030
Goods	5031
Goods	5040
Goods	5041
Goods	5042
Goods	5043
Goods	5044
Goods	5050
Goods	5060
Goods	5061
Goods	5070
Goods	5080
Goods	5081
Goods	5082
Goods	5090
Goods	5091
Goods	5100
Goods	5110
Goods	5120
Goods	5130
Goods	5131
Goods	5140
Goods	5150
Goods	5160
Goods	5170
Goods	5180
Goods	5190
Goods	5200
Goods	5201
Goods	5202
Goods	5210
Goods	5211
Goods	5220
Goods	5221
Goods	5222
Goods	5230
Goods	5231
Goods	5232
Goods	5240
Goods	5241
Goods	5242
Goods	5250
Goods	5260
Goods	5261
Goods	5270
Goods	5271
Goods	5280
Goods	5281
Goods	5282
Goods	5290
Goods	5291
Goods	5292
Goods	5293
Goods	6000
Goods	6001
Goods	6010
Goods	6020
Goods	6030
Goods	6031
Goods	6040
Goods	6050
Goods	6060
Goods	6070
Goods	6080
Goods	6100
Goods	6110
Goods	6111
Goods	6120
Goods	6130
Goods	6140
Goods	6150
Goods	6190
Goods	6191
Goods	6200
Goods	6201
Goods	6202
Goods	6210
Goods	6211
Goods	6220
Goods	6221
Goods	6222
Goods	6223
Goods	6224
Goods	6225
Goods	6230
Goods	6231
Goods	6240
Goods	6250
Goods	6251
Goods	6260
Goods	6261
Goods	6262
Goods	6270
Goods	6280
Goods	6290
Goods	6291
Goods	6292
Goods	6293
Goods	6300
Goods	6301
Goods	6302
Goods	6303
Goods	6304
Goods	6310
Goods	6311
Goods	6312
Goods	6313
Goods	6314
Goods	6315
Goods	6320
Goods	6321
Goods	6322
Goods	6323
Goods	6324
Goods	6325
Goods	6330
Goods	6340
Goods	6350
Goods	6360
Goods	6370
Goods	6371
Goods	6400
Goods	6410
Goods	6420
Goods	6421
Goods	6422
Goods	6423
Goods	6424
Goods	6430
Goods	6431
Goods	6440
Goods	6441
Goods	6450
Goods	6460
Goods	6470
Goods	6480
Goods	6490
Goods	6500
Goods	6501
Goods	6510
Goods	6511
Goods	6520
Goods	6530
Goods	6600
Goods	6610
Goods	6620
Goods	6630
Goods	6640
Goods	6641
Goods	6700
Goods	6701
Goods	6710
Goods	6720
Goods	6730
Goods	6740
Goods	6741
Goods	6750
Goods	6760
Goods	6770
Goods	6780
Goods	6790
Goods	6791
Goods	6792
Goods	6793
Goods	6794
Goods	6800
Goods	6801
Goods	6810
Goods	6811
Goods	6820
Goods	6821
Goods	6822
Goods	6830
Goods	6840
Goods	6841
Goods	6842
Goods	6850
Goods	6851
Goods	6852
Goods	6860
Goods	6861
Goods	6870
Goods	6871
Goods	6880
Goods	6890
Goods	6891
Goods	6900
Goods	6901
Goods	6902
Goods	6903
Goods	6910
Goods	6920
Goods	6921
Goods	6922
Goods	6930
Goods	6931
Goods	6932
Goods	6940
Goods	6941
Goods	6950
Goods	6960
Goods	6970
Goods	6971
Goods	6980
Goods	6981
Goods	6990
Goods	6991
Goods	6992
Goods	6993
Goods	7000
Goods	7001
Goods	7010
Goods	7011
Goods	7020
Goods	7021
Goods	7030
Goods	7031
Goods	7040
Goods	7041
Goods	7050
Goods	7060
Goods	7080
Goods	7090
Goods	7200
Goods	7201
Goods	7210
Goods	7211
Goods	7212
Goods	7220
Goods	7221
Goods	7222
Goods	7230
Goods	7240
Goods	7241
Goods	7242
Goods	7250
Goods	7251
Goods	7252
Goods	7260
Goods	7270
Goods	7271
Goods	7280
Goods	7281
Goods	7282
Goods	7283
Goods	7284
Goods	7290
Goods	7291
Goods	7292
Goods	7300
Goods	7301
Goods	7310
Goods	7311
Goods	7312
Goods	7320
Goods	7321
Goods	7322
Goods	7323
Goods	7330
Goods	7331
Goods	7332
Goods	7340
Goods	7341
Goods	7350
Goods	7351
Goods	7360
Goods	7361
Goods	7370
Goods	7380
Goods	7381
Goods	7390
Goods	7400
Goods	7401
Goods	7402
Goods	7410
Goods	7411
Goods	7412
Goods	7413
Goods	7414
Goods	7420
Goods	7421
Goods	7422
Goods	7430
Goods	7431
Goods	7432
Goods	7440
Goods	7441
Goods	7442
Goods	7450
Goods	7460
Goods	7470
Goods	7471
Goods	7480
Goods	7481
Goods	7482
Goods	7490
Goods	7491
Goods	7492
Goods	7500
Goods	7510
Goods	7520
Goods	7530
Goods	7900
Goods	7903
Goods	8000
Goods	8010
Goods	8020
Goods	8030
Goods	8050
Goods	8051
Goods	8052
Goods	8053
Goods	8054
Goods	8055
Goods	8056
Goods	8057
Goods	8058
Goods	8059
Goods	8060
Goods	8061
Goods	8062
Goods	8063
Goods	8064
Goods	8102
Goods	8105
Goods	8106
Goods	8107
Goods	8109
Goods	8111
Goods	8121
Goods	8126
Goods	8127
Goods	8128
Goods	8129
Goods	8130
Goods	8131
Goods	8132
Goods	8133
Goods	8134
Goods	8135
Goods	8136
Goods	8137
Goods	8138
Goods	8139
Goods	8142
Goods	8143
Goods	8144
Goods	8146
Goods	8147
Goods	8148
Goods	8149
Goods	8150
Goods	8151
Goods	8152
Goods	8153
Goods	8154
Goods	8155
Goods	8156
Goods	8158
Goods	8159
Goods	8161
Goods	8162
Goods	8163
Goods	8164
Goods	8165
Goods	8166
Goods	8167
Goods	8168
Goods	8169
Goods	8171
Goods	8172
Goods	8173
Goods	8174
Goods	8175
Goods	8176
Goods	8181
Goods	8182
Goods	8183
Goods	8184
Goods	8185
Goods	8186
Goods	8187
Goods	8188
Goods	8189
Goods	8190
Goods	8191
Goods	8192
Goods	8193
Goods	8194
Goods	8195
Goods	8196
Goods	8197
Goods	8198
Goods	8199
Goods	8200
Goods	8201
Goods	8202
Goods	8203
Goods	8204
Goods	8205
Goods	8206
Goods	8221
Goods	8222
Goods	8223
Goods	8224
Goods	8225
Goods	8226
Goods	8227
Goods	8230
Goods	8300
Goods	8301
Goods	8302
Goods	8303
Goods	8304
Goods	8305
Goods	8306
Goods	8307
Goods	8308
Goods	8309
Goods	8310
Goods	8311
Goods	8312
Goods	8313
Goods	8314
Goods	8315
Goods	8316
Goods	8317
Goods	8318
Goods	8319
Goods	8320
Goods	8321
Goods	8322
Goods	8323
Goods	8324
Goods	8325
Goods	8326
Goods	8327
Goods	8328
Goods	8329
Goods	8330
Goods	8331
Goods	8332
Goods	8333
Goods	8334
Goods	8335
Goods	8336
Goods	8337
Goods	8338
Goods	8339
Goods	8340
Goods	8341
Goods	8342
Goods	8343
Goods	8344
Goods	8345
Goods	8346
Goods	8347
Goods	8348
Goods	8349
Goods	8350
Goods	8351
Goods	8352
Goods	8353
Goods	8354
Goods	8355
Goods	8356
Goods	8357
Goods	8358
Goods	8359
Goods	8360
Goods	8361
Goods	8362
Goods	8363
Goods	8364
Goods	8365
Goods	8366
Goods	8367
Goods	8368
Goods	8369
Goods	8370
Goods	8371
Goods	8372
Goods	8373
Goods	8374
Goods	8375
Goods	8376
Goods	8377
Goods	8378
Goods	8379
Goods	8380
Goods	8381
Goods	8382
Goods	8383
Goods	8384
Goods	8385
Goods	8386
Goods	8387
Goods	8388
Goods	8389
Goods	8400
Goods	8405
Goods	8410
Goods	8415
Goods	8420
Goods	8425
Goods	8430
Goods	8435
Goods	8440
Goods	8445
Goods	8450
Goods	8455
Goods	8460
Goods	8465
Goods	8470
Goods	8475
Goods	8480
Goods	8485
Goods	8500
Goods	8510
Goods	8511
Goods	8512
Goods	8513
Goods	8514
Goods	8550
Goods	8590
Goods	8600
Goods	8601
Goods	8602
Goods	8603
Goods	8604
Goods	8605
Goods	8606
Goods	8607
Goods	8608
Goods	8609
Goods	8610
Goods	8611
Goods	8612
Goods	8613
Goods	8614
Goods	8615
Goods	8616
Goods	8617
Goods	8618
Goods	8620
Goods	8621
Goods	8622
Goods	8623
Goods	8624
Goods	8625
Goods	8626
Goods	8627
Goods	8628
Goods	8660
Goods	8700
Goods	8701
Goods	8702
Goods	8703
Goods	8704
Goods	8705
Goods	8706
Goods	8707
Goods	8708
Goods	8709
Goods	8710
Goods	8711
Goods	8712
Goods	8713
Goods	8714
Goods	8715
Goods	8716
Goods	8717
Goods	8750
Goods	8751
Goods	8752
Goods	8753
Goods	8754
Goods	8755
Goods	8756
Goods	8757
Goods	8758
Goods	8759
Goods	8760
Goods	8761
Goods	8762
Goods	8763
Goods	8765
Goods	8767
Goods	8800
Goods	8801
Goods	8802
Goods	8803
Goods	8804
Goods	8805
Goods	8806
Goods	8807
Goods	8808
Goods	8809
Goods	8810
Goods	8811
Goods	8812
Goods	8813
Goods	8814
Goods	8815
Goods	8816
Goods	8817
Goods	8818
Goods	8819
Goods	8820
Goods	8821
Goods	8822
Goods	8823
Goods	8824
Goods	8825
Goods	8826
Goods	8850
Goods	8851
Goods	8852
Goods	8853
Goods	8854
Goods	8855
Goods	8856
Goods	8857
Goods	8858
Goods	8859
Goods	8860
Goods	8861
Goods	8862
Goods	8863
Goods	8864
Goods	8865
Goods	8866
Goods	8870
Goods	8871
Goods	8872
Goods	8873
Goods	8874
Goods	8875
Goods	8876
Goods	8877
Goods	8878
Goods	8879
Goods	8880
Goods	8881
Goods	8882
Goods	8883
Goods	8884
Goods	8885
Goods	8886
Goods	8887
Goods	8888
Goods	8889
Goods	8890
Goods	8891
Goods	8892
Goods	8893
Goods	8894
Goods	8895
Goods	8910
Goods	8911
Goods	8912
Goods	8913
Goods	8914
Goods	8915
Goods	8916
Goods	8917
Goods	8918
Goods	8919
Goods	8920
Goods	8921
Goods	8922
Goods	8923
Goods	8924
Goods	8925
Goods	8926
Goods	8927
Goods	8928
Goods	8929
Goods	8930
Goods	8931
Goods	8932
Goods	8933
Goods	8934
Goods	8935
Goods	8936
Goods	8937
Goods	8938
Goods	8939
Goods	8940
Goods	8941
Goods	8942
Goods	8943
Goods	8944
Goods	8945
Goods	8946
Goods	8947
Goods	8948
Goods	8949
Goods	8950
Goods	8951
Goods	8952
Goods	8953
Goods	8954
Goods	8955
Goods	8956
Goods	8957
Goods	8958
Goods	8959
Goods	8960
Goods	8961
Goods	8962
Goods	8963
Goods	8964
Goods	8965
Goods	8970
Goods	8971
Goods	8972
Goods	8973
Goods	8974
Goods	8975
Goods	8976
Goods	8977
Goods	8978
Goods	8979
Goods	8980
Goods	8981
Goods	8982
Goods	8983
Goods	8984
Goods	8985
Goods	8986
Goods	9000
Goods	9001
Goods	9002
Goods	9003
Goods	9004
Goods	9005
Goods	9006
Goods	9007
Goods	9008
Goods	9009
Goods	9010
Goods	9011
Goods	9012
Goods	9013
Goods	9014
Goods	9015
Goods	9016
Goods	9017
Goods	9018
Goods	9019
Goods	9020
Goods	9021
Goods	9022
Goods	9023
Goods	9024
Goods	9026
Goods	9027
Goods	9028
Goods	9029
Goods	9030
Goods	9031
Goods	9032
Goods	9033
Goods	9034
Goods	9035
Goods	9036
Goods	9037
Goods	9039
Goods	9040
Goods	9041
Goods	9042
Goods	9043
Goods	9045
Goods	9046
Goods	9047
Goods	9048
Goods	9049
Goods	9050
Goods	9100
Goods	9101
Goods	9102
Goods	9103
Goods	9104
Goods	9105
Goods	9106
Goods	9107
Goods	9108
Goods	9109
Goods	9110
Goods	9111
Goods	9112
Goods	9113
Goods	9115
Goods	9116
Goods	9117
Goods	9118
Goods	9119
Goods	9120
Goods	9121
Goods	9122
Goods	9123
Goods	9124
Goods	9125
Goods	9126
Goods	9127
Goods	9128
Goods	9129
Goods	9130
Goods	9131
Goods	9132
Goods	9134
Goods	9135
Goods	9136
Goods	9137
Goods	9138
Goods	9140
Goods	9141
Goods	9142
Goods	9150
Goods	9151
Goods	9152
Goods	9153
Goods	9195
Goods	9300
Goods	9301
Goods	9302
Goods	9303
Goods	9304
Goods	9305
Goods	9306
Goods	9307
Goods	9308
Goods	9309
Goods	9310
Goods	9311
Goods	9312
Goods	9313
Goods	9314
Goods	9315
Goods	9316
Goods	9317
Goods	9318
Goods	9319
Goods	9320
Goods	9321
Goods	9322
Goods	9323
Goods	9324
Goods	9325
Goods	9326
Goods	9327
Goods	9328
Goods	9329
Goods	9330
Goods	9331
Goods	9332
Goods	9333
Goods	9334
Goods	9335
Goods	9336
Goods	9337
Goods	9338
Goods	9339
Goods	9340
Goods	9341
Goods	9342
Goods	9343
Goods	9344
Goods	9345
Goods	9346
Goods	9347
Goods	9348
Goods	9349
Goods	9350
Goods	9351
Goods	9352
Goods	9353
Goods	9354
Goods	9355
Goods	9356
Goods	9357
Goods	9358
Goods	9359
Goods	9360
Goods	9361
Goods	9362
Goods	9363
Goods	9364
Goods	9365
Goods	9366
Goods	9367
Goods	9368
Goods	9369
Goods	9370
Goods	9380
Goods	9381
Goods	9382
Goods	9383
Goods	9384
Goods	9385
Goods	9386
Goods	9387
Goods	9388
Goods	9389
Goods	9390
Goods	9391
Goods	9392
Goods	9393
Goods	9394
Goods	9395
Goods	9396
Goods	9397
Goods	9398
Goods	9399
Goods	9400
Goods	9401
Goods	9402
Goods	9403
Goods	9404
Goods	9405
Goods	9406
Goods	9407
Goods	9408
Goods	9409
Goods	9410
Goods	9420
Goods	9421
Goods	9422
Goods	9423
Goods	9424
Goods	9425
Goods	9426
Goods	9427
Goods	9428
Goods	9429
Goods	9430
Goods	9440
Goods	9441
Goods	9442
Goods	9443
Goods	9444
Goods	9445
Goods	9446
Goods	9447
Goods	9448
Goods	9449
Goods	9450
Goods	9500
Goods	9501
Goods	9510
Goods	10000
Goods	10010
Goods	10020
Goods	10030
Goods	10040
Goods	10060
Goods	10070
Goods	10080
Goods	10100
Goods	10101
Goods	10102
Goods	10103
Goods	10104
Goods	10105
Goods	10106
Goods	10107
Goods	10110
Goods	10111
Goods	10114
Goods	10140
Goods	10160
Goods	10161
Goods	10162
Goods	10163
Goods	10164
Goods	10165
Goods	10166
Goods	10167
Goods	10168
Goods	10170
Goods	10171
Goods	10172
Goods	10173
Goods	10174
Goods	10200
Goods	10900
Goods	10901
Goods	10902
Goods	10903
Goods	10904
Goods	10905
Goods	10906
Goods	10907
Goods	10908
Goods	10909
Goods	10910
Goods	10911
Goods	10912
Goods	10913
Goods	10914
Goods	10915
Goods	10916
Goods	10917
Goods	10918
Goods	10919
Goods	11000
Goods	11001
Goods	11002
Goods	11003
Goods	11004
Goods	11005
Goods	11006
Goods	11007
Goods	11008
Goods	11009
Goods	11010
Goods	11011
Goods	11012
Goods	11013
Goods	11014
Goods	11015
Goods	11016
Goods	11017
Goods	11018
Goods	11019
Goods	11020
Goods	11021
Goods	11022
Goods	11023
Goods	11024
Goods	11025
Goods	11026
Goods	11027
Goods	11028
Goods	11029
Goods	11030
Goods	11031
Goods	11032
Goods	11033
Goods	11034
Goods	11035
Goods	11036
Goods	11037
Goods	11038
Goods	11039
Goods	11040
Goods	11041
Goods	11042
Goods	11043
Goods	11050
Goods	11051
Goods	11052
Goods	11053
Goods	11054
Goods	11055
Goods	11056
Goods	11057
Goods	15000
Goods	15010
Goods	15020
Goods	15030
Goods	15040
Goods	15050
Goods	15060
Goods	15080
Goods	15090
Goods	15100
Goods	15110
Goods	15120
Goods	15130
Goods	15140
Goods	15150
Goods	15160
Goods	15340
Goods	15341
Goods	15400
Goods	15410
Goods	15420
Goods	15430
Goods	20650
Goods	20651
Goods	20652
Goods	20653
Goods	20654
Goods	20660
Goods	20680
Goods	20681
Goods	20682
Goods	20683
Goods	20685
Goods	20690
Goods	20691
Goods	20710
Goods	20720
Goods	20721
Goods	20722
Goods	20723
Goods	20740
Goods	20750
Goods	20751
Goods	20753
Goods	20760
Goods	20761
Goods	20770
Goods	20775
Goods	20780
Goods	20795
Goods	20800
Goods	20801
Goods	20802
Goods	20810
Goods	20811
Goods	20812
Goods	20820
Goods	20825
Goods	20830
Goods	20831
Goods	20840
Goods	20841
Goods	20842
Goods	20845
Goods	20850
Goods	20852
Goods	20855
Goods	20900
Goods	20901
Goods	20902
Goods	20903
Goods	20904
Goods	20950
Goods	20951
Goods	20952
Goods	20953
Goods	20954
Goods	20955
Goods	20956
Goods	20957
Goods	20975
Goods	50200
Goods	50201
Goods	50202
Goods	50203
Goods	51760
Goods	53090
Goods	53230
Goods	53400
Goods	53630
Goods	53650
Goods	53651
Goods	53652
Goods	53653
Goods	53654
Goods	53655
Goods	53656
Goods	53657
Goods	53658
Goods	200000
Goods	200001
Goods	200002
Goods	200003
Goods	200004
Goods	200005
Goods	200006
Goods	200007
Goods	200008
Goods	200009
Goods	200010
Goods	200500
Goods	200501
Goods	200502
Goods	200503
Goods	200504
Goods	201000
Goods	201001
Goods	201002
Goods	201003
Goods	201004
Goods	201005
Goods	201006
Goods	201007
Goods	201008
Goods	201009
Goods	201010
Goods	201500
Goods	201501
Goods	201502
Goods	201503
Goods	201504
Goods	202000
Goods	202001
Goods	202002
Goods	202003
Goods	202004
Goods	202005
Goods	202006
Goods	202007
Goods	202008
Goods	202009
Goods	202010
Goods	202500
Goods	202501
Goods	202502
Goods	202503
Goods	202504
Goods	203000
Goods	203001
Goods	203002
Goods	203003
Goods	203004
Goods	203005
Goods	203006
Goods	203007
Goods	203008
Goods	203009
Goods	203010
Goods	203500
Goods	203501
Goods	203502
Goods	203503
Goods	203504
Goods	204000
Goods	204001
Goods	204002
Goods	204003
Goods	204004
Goods	204005
Goods	204006
Goods	204007
Goods	204008
Goods	204009
Goods	204010
Goods	204500
Goods	204501
Goods	204502
Goods	204503
Goods	204504
Goods	205000
Goods	205001
Goods	205002
Goods	205003
Goods	205004
Goods	205005
Goods	205006
Goods	205007
Goods	205008
Goods	205009
Goods	205010
Goods	205500
Goods	205501
Goods	205502
Goods	205503
Goods	205504
Goods	206000
Goods	206001
Goods	206002
Goods	206003
Goods	206004
Goods	206005
Goods	206006
Goods	206007
Goods	206008
Goods	206009
Goods	206010
Goods	206500
Goods	206501
Goods	206502
Goods	206503
Goods	206504
Goods	207000
Goods	207001
Goods	207002
Goods	207003
Goods	207004
Goods	207005
Goods	207006
Goods	207007
Goods	207008
Goods	207009
Goods	207010
Goods	207500
Goods	207501
Goods	207502
Goods	207503
Goods	207504
Goods	208000
Goods	208001
Goods	208002
Goods	208003
Goods	208004
Goods	208005
Goods	208006
Goods	208007
Goods	208008
Goods	208009
Goods	208010
Goods	208500
Goods	208501
Goods	208502
Goods	208503
Goods	208504
Goods	209000
Goods	209001
Goods	209002
Goods	209003
Goods	209004
Goods	209005
Goods	209006
Goods	209007
Goods	209008
Goods	209009
Goods	209010
Goods	209500
Goods	209501
Goods	209502
Goods	209503
Goods	209504
Goods	210000
Goods	210001
Goods	210002
Goods	210003
Goods	210004
Goods	210005
Goods	210006
Goods	210007
Goods	210008
Goods	210009
Goods	210010
Goods	210500
Goods	210501
Goods	210502
Goods	210503
Goods	210504
Goods	211000
Goods	211001
Goods	211002
Goods	211003
Goods	211004
Goods	211005
Goods	211006
Goods	211007
Goods	211008
Goods	211009
Goods	211010
Goods	211500
Goods	211501
Goods	211502
Goods	211503
Goods	211504
Goods	212000
Goods	212001
Goods	212002
Goods	212003
Goods	212004
Goods	212005
Goods	212006
Goods	212007
Goods	212008
Goods	212009
Goods	212010
Goods	212500
Goods	212501
Goods	212502
Goods	212503
Goods	212504
Goods	213000
Goods	213001
Goods	213002
Goods	213003
Goods	213004
Goods	213005
Goods	213006
Goods	213007
Goods	213008
Goods	213009
Goods	213010
Goods	213500
Goods	213501
Goods	213502
Goods	213503
Goods	213504
Goods	214000
Goods	214001
Goods	214002
Goods	214003
Goods	214004
Goods	214005
Goods	214006
Goods	214007
Goods	214008
Goods	214009
Goods	214010
Goods	214500
Goods	214501
Goods	214502
Goods	214503
Goods	214504
Goods	215000
Goods	215001
Goods	215002
Goods	215003
Goods	215004
Goods	215005
Goods	215006
Goods	215007
Goods	215008
Goods	215009
Goods	215010
Goods	215500
Goods	215501
Goods	215502
Goods	215503
Goods	215504
Goods	216000
Goods	216001
Goods	216002
Goods	216003
Goods	216004
Goods	216005
Goods	216006
Goods	216007
Goods	216008
Goods	216009
Goods	216010
Goods	216500
Goods	216501
Goods	216502
Goods	216503
Goods	216504
Goods	217000
Goods	217001
Goods	217002
Goods	217003
Goods	217004
Goods	217005
Goods	217006
Goods	217007
Goods	217008
Goods	217009
Goods	217010
Goods	217500
Goods	217501
Goods	217502
Goods	217503
Goods	217504
Goods	218000
Goods	218001
Goods	218002
Goods	218003
Goods	218004
Goods	218005
Goods	218006
Goods	218007
Goods	218008
Goods	218009
Goods	218010
Goods	218500
Goods	218501
Goods	218502
Goods	218503
Goods	218504
Goods	219000
Goods	219001
Goods	219002
Goods	219003
Goods	219004
Goods	219005
Goods	219006
Goods	219007
Goods	219008
Goods	219009
Goods	219010
Goods	219500
Goods	219501
Goods	219502
Goods	219503
Goods	219504
Goods	220000
Goods	220001
Goods	220002
Goods	220003
Goods	220004
Goods	220005
Goods	220006
Goods	220007
Goods	220008
Goods	220009
Goods	220010
Goods	220500
Goods	220501
Goods	220502
Goods	220503
Goods	220504
Goods	221000
Goods	221001
Goods	221002
Goods	221003
Goods	221004
Goods	221005
Goods	221006
Goods	221007
Goods	221008
Goods	221009
Goods	221010
Goods	221500
Goods	221501
Goods	221502
Goods	221503
Goods	221504
Goods	222000
Goods	222001
Goods	222002
Goods	222003
Goods	222004
Goods	222005
Goods	222006
Goods	222007
Goods	222008
Goods	222009
Goods	222010
Goods	222500
Goods	222501
Goods	222502
Goods	222503
Goods	222504
Goods	223000
Goods	223001
Goods	223002
Goods	223003
Goods	223004
Goods	223005
Goods	223006
Goods	223007
Goods	223008
Goods	223009
Goods	223010
Goods	223500
Goods	223501
Goods	223502
Goods	223503
Goods	223504
Goods	224000
Goods	224001
Goods	224002
Goods	224003
Goods	224004
Goods	224005
Goods	224006
Goods	224007
Goods	224008
Goods	224009
Goods	224010
Goods	224500
Goods	224501
Goods	224502
Goods	224503
Goods	224504
Goods	225000
Goods	225001
Goods	225002
Goods	225003
Goods	225004
Goods	225005
Goods	225006
Goods	225007
Goods	225008
Goods	225009
Goods	225010
Goods	225500
Goods	225501
Goods	225502
Goods	225503
Goods	225504
Goods	226000
Goods	226001
Goods	226002
Goods	226003
Goods	226004
Goods	226005
Goods	226006
Goods	226007
Goods	226008
Goods	226009
Goods	226010
Goods	226500
Goods	226501
Goods	226502
Goods	226503
Goods	226504
Goods	227000
Goods	227001
Goods	227002
Goods	227003
Goods	227004
Goods	227005
Goods	227006
Goods	227007
Goods	227008
Goods	227009
Goods	227010
Goods	227500
Goods	227501
Goods	227502
Goods	227503
Goods	227504
Goods	228000
Goods	228001
Goods	228002
Goods	228003
Goods	228004
Goods	228005
Goods	228006
Goods	228007
Goods	228008
Goods	228009
Goods	228010
Goods	228500
Goods	228501
Goods	228502
Goods	228503
Goods	228504
Goods	229000
Goods	229001
Goods	229002
Goods	229003
Goods	229004
Goods	229005
Goods	229006
Goods	229007
Goods	229008
Goods	229009
Goods	229010
Goods	229500
Goods	229501
Goods	229502
Goods	229503
Goods	229504
Goods	230000
Goods	230001
Goods	230002
Goods	230003
Goods	230004
Goods	230005
Goods	230006
Goods	230007
Goods	230008
Goods	230009
Goods	230010
Goods	230500
Goods	230501
Goods	230502
Goods	230503
Goods	230504
Goods	231000
Goods	231001
Goods	231002
Goods	231003
Goods	231004
Goods	231005
Goods	231006
Goods	231007
Goods	231008
Goods	231009
Goods	231010
Goods	231500
Goods	231501
Goods	231502
Goods	231503
Goods	231504
Goods	232000
Goods	232001
Goods	232002
Goods	232003
Goods	232004
Goods	232005
Goods	232006
Goods	232007
Goods	232008
Goods	232009
Goods	232010
Goods	232500
Goods	232501
Goods	232502
Goods	232503
Goods	232504
Goods	233000
Goods	233001
Goods	233002
Goods	233003
Goods	233004
Goods	233005
Goods	233006
Goods	233007
Goods	233008
Goods	233009
Goods	233010
Goods	233500
Goods	233501
Goods	233502
Goods	233503
Goods	233504
Goods	234000
Goods	234001
Goods	234002
Goods	234003
Goods	234004
Goods	234005
Goods	234006
Goods	234007
Goods	234008
Goods	234009
Goods	234010
Goods	234500
Goods	234501
Goods	234502
Goods	234503
Goods	234504
Goods	235000
Goods	235001
Goods	235002
Goods	235003
Goods	235004
Goods	235005
Goods	235006
Goods	235007
Goods	235008
Goods	235009
Goods	235010
Goods	235500
Goods	235501
Goods	235502
Goods	235503
Goods	235504
Goods	236000
Goods	236001
Goods	236002
Goods	236003
Goods	236004
Goods	236005
Goods	236006
Goods	236007
Goods	236008
Goods	236009
Goods	236010
Goods	236500
Goods	236501
Goods	236502
Goods	236503
Goods	236504
Goods	237000
Goods	237001
Goods	237002
Goods	237003
Goods	237004
Goods	237005
Goods	237006
Goods	237007
Goods	237008
Goods	237009
Goods	237010
Goods	237500
Goods	237501
Goods	237502
Goods	237503
Goods	237504
Goods	238000
Goods	238001
Goods	238002
Goods	238003
Goods	238004
Goods	238005
Goods	238006
Goods	238007
Goods	238008
Goods	238009
Goods	238010
Goods	238500
Goods	238501
Goods	238502
Goods	238503
Goods	238504
Goods	239000
Goods	239001
Goods	239002
Goods	239003
Goods	239004
Goods	239005
Goods	239006
Goods	239007
Goods	239008
Goods	239009
Goods	239010
Goods	239500
Goods	239501
Goods	239502
Goods	239503
Goods	239504
Goods	240000
Goods	240001
Goods	240002
Goods	240003
Goods	240004
Goods	240005
Goods	240006
Goods	240007
Goods	240008
Goods	240009
Goods	240010
Goods	240500
Goods	240501
Goods	240502
Goods	240503
Goods	240504
Goods	241000
Goods	241001
Goods	241002
Goods	241003
Goods	241004
Goods	241005
Goods	241006
Goods	241007
Goods	241008
Goods	241009
Goods	241010
Goods	241500
Goods	241501
Goods	241502
Goods	241503
Goods	241504
Goods	242000
Goods	242001
Goods	242002
Goods	242003
Goods	242004
Goods	242005
Goods	242006
Goods	242007
Goods	242008
Goods	242009
Goods	242010
Goods	242500
Goods	242501
Goods	242502
Goods	242503
Goods	242504
Goods	243000
Goods	243001
Goods	243002
Goods	243003
Goods	243004
Goods	243005
Goods	243006
Goods	243007
Goods	243008
Goods	243009
Goods	243010
Goods	243500
Goods	243501
Goods	243502
Goods	243503
Goods	243504
Goods	244000
Goods	244001
Goods	244002
Goods	244003
Goods	244004
Goods	244005
Goods	244006
Goods	244007
Goods	244008
Goods	244009
Goods	244010
Goods	244500
Goods	244501
Goods	244502
Goods	244503
Goods	244504
Goods	245000
Goods	245001
Goods	245002
Goods	245003
Goods	245004
Goods	245005
Goods	245006
Goods	245007
Goods	245008
Goods	245009
Goods	245010
Goods	245500
Goods	245501
Goods	245502
Goods	245503
Goods	245504
Goods	246000
Goods	246001
Goods	246002
Goods	246003
Goods	246004
Goods	246005
Goods	246006
Goods	246007
Goods	246008
Goods	246009
Goods	246010
Goods	246500
Goods	246501
Goods	246502
Goods	246503
Goods	246504
Goods	247000
Goods	247001
Goods	247002
Goods	247003
Goods	247004
Goods	247005
Goods	247006
Goods	247007
Goods	247008
Goods	247009
Goods	247010
Goods	247500
Goods	247501
Goods	247502
Goods	247503
Goods	247504
Goods	248000
Goods	248001
Goods	248002
Goods	248003
Goods	248004
Goods	248005
Goods	248006
Goods	248007
Goods	248008
Goods	248009
Goods	248010
Goods	248500
Goods	248501
Goods	248502
Goods	248503
Goods	248504
Goods	249000
Goods	249001
Goods	249002
Goods	249003
Goods	249004
Goods	249005
Goods	249006
Goods	249007
Goods	249008
Goods	249009
Goods	249010
Goods	249500
Goods	249501
Goods	249502
Goods	249503
Goods	249504
Goods	250000
Goods	250001
Goods	250002
Goods	250003
Goods	250004
Goods	250005
Goods	250006
Goods	250007
Goods	250008
Goods	250009
Goods	250010
Goods	250500
Goods	250501
Goods	250502
Goods	250503
Goods	250504
Goods	251000
Goods	251001
Goods	251002
Goods	251003
Goods	251004
Goods	251005
Goods	251006
Goods	251007
Goods	251008
Goods	251009
Goods	251010
Goods	251500
Goods	251501
Goods	251502
Goods	251503
Goods	251504
Goods	252000
Goods	252001
Goods	252002
Goods	252003
Goods	252004
Goods	252005
Goods	252006
Goods	252007
Goods	252008
Goods	252009
Goods	252010
Goods	252500
Goods	252501
Goods	252502
Goods	252503
Goods	252504
Goods	253000
Goods	253001
Goods	253002
Goods	253003
Goods	253004
Goods	253005
Goods	253006
Goods	253007
Goods	253008
Goods	253009
Goods	253010
Goods	253500
Goods	253501
Goods	253502
Goods	253503
Goods	253504
Goods	254000
Goods	254001
Goods	254002
Goods	254003
Goods	254004
Goods	254005
Goods	254006
Goods	254007
Goods	254008
Goods	254009
Goods	254010
Goods	254500
Goods	254501
Goods	254502
Goods	254503
Goods	254504
Goods	255000
Goods	255001
Goods	255002
Goods	255003
Goods	255004
Goods	255005
Goods	255006
Goods	255007
Goods	255008
Goods	255009
Goods	255010
Goods	255500
Goods	255501
Goods	255502
Goods	255503
Goods	255504
Goods	256000
Goods	256001
Goods	256002
Goods	256003
Goods	256004
Goods	256005
Goods	256006
Goods	256007
Goods	256008
Goods	256009
Goods	256010
Goods	256500
Goods	256501
Goods	256502
Goods	256503
Goods	256504
Goods	257000
Goods	257001
Goods	257002
Goods	257003
Goods	257004
Goods	257005
Goods	257006
Goods	257007
Goods	257008
Goods	257009
Goods	257010
Goods	257500
Goods	257501
Goods	257502
Goods	257503
Goods	257504
Goods	258000
Goods	258001
Goods	258002
Goods	258003
Goods	258004
Goods	258005
Goods	258006
Goods	258007
Goods	258008
Goods	258009
Goods	258010
Goods	258500
Goods	258501
Goods	258502
Goods	258503
Goods	258504
Goods	259000
Goods	259001
Goods	259002
Goods	259003
Goods	259004
Goods	259005
Goods	259006
Goods	259007
Goods	259008
Goods	259009
Goods	259010
Goods	259500
Goods	259501
Goods	259502
Goods	259503
Goods	259504
Goods	260000
Goods	260001
Goods	260002
Goods	260003
Goods	260004
Goods	260005
Goods	260006
Goods	260007
Goods	260008
Goods	260009
Goods	260010
Goods	260500
Goods	260501
Goods	260502
Goods	260503
Goods	260504
Goods	261000
Goods	261001
Goods	261002
Goods	261003
Goods	261004
Goods	261005
Goods	261006
Goods	261007
Goods	261008
Goods	261009
Goods	261010
Goods	261500
Goods	261501
Goods	261502
Goods	261503
Goods	261504
Goods	262000
Goods	262001
Goods	262002
Goods	262003
Goods	262004
Goods	262005
Goods	262006
Goods	262007
Goods	262008
Goods	262009
Goods	262010
Goods	262500
Goods	262501
Goods	262502
Goods	262503
Goods	262504
Goods	263000
Goods	263001
Goods	263002
Goods	263003
Goods	263004
Goods	263005
Goods	263006
Goods	263007
Goods	263008
Goods	263009
Goods	263010
Goods	263500
Goods	263501
Goods	263502
Goods	263503
Goods	263504
Goods	2000300
Goods	2000310
Goods	2000320
Goods	2000330
Goods	2000340
Goods	2000360
Goods	2000370
Goods	2000380
Goods	2000600
Goods	2000620
Goods	2000650
Goods	2000660
Goods	2000670
Goods	2000680
Goods	2000690
Goods	2000700
Goods	2000710
Goods	2000740
Goods	2000760
Goods	2000800
Goods	2000900
Goods	2000910
Goods	2001100
Goods	2001105
Goods	2001110
Goods	2001120
Goods	2001130
Goods	2001140
Goods	2001150
Goods	2001160
Goods	2001170
Goods	2001200
Goods	2001201
Goods	2001202
Goods	2001203
Goods	2001210
Goods	2001220
Goods	2001230
Goods	2001400
Goods	2001410
Goods	2001420
Goods	2001430
Goods	2001450
Goods	2001480
Goods	2001500
Goods	2001510
Goods	2001520
Goods	2001530
Goods	2001550
Goods	2001600
Goods	2001700
Goods	2001710
Goods	2002000
Goods	2002010
Goods	2002020
Goods	2002030
Goods	2002040
Goods	2002100
Goods	2002120
Goods	2002130
Goods	2002140
Goods	2002150
Goods	2002900
Goods	2002901
Goods	2002902
Goods	2002903
Goods	2002904
Goods	2002905
Goods	2002907
Goods	2002908
Goods	2002909
Goods	2002910
Goods	2002950
Goods	2002951
Goods	2002952
Goods	2002953
Goods	2002954
Goods	2002955
Goods	2002956
Goods	2002957
Goods	2002958
Goods	2002959
Goods	2002960
Goods	2003000
Goods	2003001
Goods	2003130
Goods	2003140
Goods	2003150
Goods	2003160
Goods	2003170
Goods	2003180
Goods	2003190
Goods	2003200
Goods	2003310
Goods	2003350
Goods	2004300
Goods	2004310
Goods	2004320
Goods	2004330
Goods	2004500
Goods	2004510
Goods	2004520
Goods	2004530
Goods	2004700
Goods	2004710
Goods	2004900
Goods	2004910
Goods	2004920
Goods	2004930
Goods	2004940
Goods	2005000
Goods	2006200
Goods	2006210
Goods	2006220
Goods	2006230
Goods	2006250
Goods	2006260
Goods	2006300
Goods	2006310
Goods	2006320
Goods	2006330
Goods	2006340
Goods	2006350
Goods	2006400
Goods	2006650
Goods	2006660
Goods	2006670
Goods	2006680
Goods	2006690
Goods	2006700
Goods	2006710
Goods	2006800
Goods	2006900
Goods	2006910
Goods	2006920
Goods	2007000
Goods	2007010
Goods	2007020
Goods	2007200
Goods	2007210
Goods	2007300
Goods	2007310
Goods	2007320
Goods	2007330
Goods	2007400
Goods	2007410
Goods	2007420
Goods	2007430
Goods	2007440
Goods	2007450
Goods	2007600
Goods	2007610
Goods	2007700
Goods	2007710
Goods	2007720
Goods	2007730
Goods	2007740
Goods	2007750
Goods	2007760
Goods	2007800
Goods	2007810
Goods	2007820
Goods	2008000
Goods	2008003
Goods	2008004
Goods	2008005
Goods	2008006
Goods	2008007
Goods	2008008
Goods	2008011
Goods	2008012
Goods	2008013
Goods	2008014
Goods	2008015
Goods	2008016
Goods	2008017
Goods	2008018
Goods	2008019
Goods	2008021
Goods	2008023
Goods	2008025
Goods	2008027
Goods	2008028
Goods	2008029
Goods	2008030
Goods	2008031
Goods	2008032
Goods	2008033
Goods	2008034
Goods	2008036
Goods	2008037
Goods	2008131
Goods	2008200
Goods	2008201
Goods	2008202
Goods	2008600
Goods	2008601
Goods	2008602
Goods	2008603
Goods	2008604
Goods	2008900
Goods	2008901
Goods	2008902
Goods	2008903
Goods	2008904
Goods	2008905
Goods	2008906
Goods	2008907
Goods	2008908
Goods	2008909
Goods	2009000
Goods	2009001
Goods	2009002
Goods	2009003
Goods	2009004
Goods	2009160
Goods	2009161
Goods	2009162
Goods	2009301
Goods	2009302
Goods	2009303
Goods	2009304
Goods	2009305
Goods	2009306
Goods	2009307
Goods	2009308
Goods	2009309
Goods	2009310
Goods	2009311
Goods	2009312
Goods	2009313
Goods	2009314
Goods	2009315
Goods	2009316
Goods	2009317
Goods	2009318
Goods	2009319
Goods	2009320
Goods	2009321
Goods	2009322
Goods	2009323
Goods	2009324
Goods	2009325
Goods	2009326
Goods	2009327
Goods	2009328
Goods	2009329
Goods	2009330
Goods	2009331
Goods	2009332
Goods	2009333
Goods	2009334
Goods	2009335
Goods	2009336
Goods	2009337
Goods	2009338
Goods	2009339
Goods	2009340
Goods	2009341
Goods	2009342
Goods	2009343
Goods	2009344
Goods	2009345
Goods	2009500
Goods	2010000
Goods	2010100
Goods	2011000
Goods	2011010
Goods	2011020
Goods	2011030
Goods	2011040
Goods	2011050
Goods	2011060
Goods	2011070
Goods	2015000
Goods	2015010
Goods	2015020
Goods	2015030
Goods	2015040
Goods	2020001
Goods	2020002
Goods	2020003
Goods	2020004
Goods	2020005
Goods	2020006
Goods	2020007
Goods	2020008
Goods	2020009
Goods	2020010
Goods	2020011
Goods	2020012
Goods	2020013
Goods	2020014
Goods	2020015
Goods	2020016
Goods	2020017
Goods	2020018
Goods	2020019
Goods	2020020
Goods	2020021
Goods	2020022
Goods	2020023
Goods	2020024
Goods	2020025
Goods	2020026
Goods	2020027
Goods	2020028
Goods	2020029
Goods	2020030
Goods	2020031
Goods	2020032
Goods	2020033
Goods	2020034
Goods	2020035
Goods	2050301
Goods	2051004
Goods	2051005
Goods	2052030
Goods	2053140
Goods	2053480
Goods	2053490
Goods	2053700
Goods	2053701
Goods	2200000
Goods	2200001
Goods	2200002
Goods	2200003
Goods	2200004
Goods	2200005
Goods	2200006
Goods	2200007
Goods	2200008
Goods	2200009
Goods	2200010
Goods	2200500
Goods	2200501
Goods	2200502
Goods	2200503
Goods	2200504
Goods	2201000
Goods	2201001
Goods	2201002
Goods	2201003
Goods	2201004
Goods	2201005
Goods	2201006
Goods	2201007
Goods	2201008
Goods	2201009
Goods	2201010
Goods	2201500
Goods	2201501
Goods	2201502
Goods	2201503
Goods	2201504
Goods	2202000
Goods	2202001
Goods	2202002
Goods	2202003
Goods	2202004
Goods	2202005
Goods	2202006
Goods	2202007
Goods	2202008
Goods	2202009
Goods	2202010
Goods	2202500
Goods	2202501
Goods	2202502
Goods	2202503
Goods	2202504
Goods	2203000
Goods	2203001
Goods	2203002
Goods	2203003
Goods	2203004
Goods	2203005
Goods	2203006
Goods	2203007
Goods	2203008
Goods	2203009
Goods	2203010
Goods	2203500
Goods	2203501
Goods	2203502
Goods	2203503
Goods	2203504
Goods	2204000
Goods	2204001
Goods	2204002
Goods	2204003
Goods	2204004
Goods	2204005
Goods	2204006
Goods	2204007
Goods	2204008
Goods	2204009
Goods	2204010
Goods	2204500
Goods	2204501
Goods	2204502
Goods	2204503
Goods	2204504
Goods	2205000
Goods	2205001
Goods	2205002
Goods	2205003
Goods	2205004
Goods	2205005
Goods	2205006
Goods	2205007
Goods	2205008
Goods	2205009
Goods	2205010
Goods	2205500
Goods	2205501
Goods	2205502
Goods	2205503
Goods	2205504
Goods	2206000
Goods	2206001
Goods	2206002
Goods	2206003
Goods	2206004
Goods	2206005
Goods	2206006
Goods	2206007
Goods	2206008
Goods	2206009
Goods	2206010
Goods	2206500
Goods	2206501
Goods	2206502
Goods	2206503
Goods	2206504
Goods	2207000
Goods	2207001
Goods	2207002
Goods	2207003
Goods	2207004
Goods	2207005
Goods	2207006
Goods	2207007
Goods	2207008
Goods	2207009
Goods	2207010
Goods	2207500
Goods	2207501
Goods	2207502
Goods	2207503
Goods	2207504
Goods	2208000
Goods	2208001
Goods	2208002
Goods	2208003
Goods	2208004
Goods	2208005
Goods	2208006
Goods	2208007
Goods	2208008
Goods	2208009
Goods	2208010
Goods	2208500
Goods	2208501
Goods	2208502
Goods	2208503
Goods	2208504
Goods	2209000
Goods	2209001
Goods	2209002
Goods	2209003
Goods	2209004
Goods	2209005
Goods	2209006
Goods	2209007
Goods	2209008
Goods	2209009
Goods	2209010
Goods	2209500
Goods	2209501
Goods	2209502
Goods	2209503
Goods	2209504
Goods	2210000
Goods	2210001
Goods	2210002
Goods	2210003
Goods	2210004
Goods	2210005
Goods	2210006
Goods	2210007
Goods	2210008
Goods	2210009
Goods	2210010
Goods	2210500
Goods	2210501
Goods	2210502
Goods	2210503
Goods	2210504
Goods	2211000
Goods	2211001
Goods	2211002
Goods	2211003
Goods	2211004
Goods	2211005
Goods	2211006
Goods	2211007
Goods	2211008
Goods	2211009
Goods	2211010
Goods	2211500
Goods	2211501
Goods	2211502
Goods	2211503
Goods	2211504
Goods	2212000
Goods	2212001
Goods	2212002
Goods	2212003
Goods	2212004
Goods	2212005
Goods	2212006
Goods	2212007
Goods	2212008
Goods	2212009
Goods	2212010
Goods	2212500
Goods	2212501
Goods	2212502
Goods	2212503
Goods	2212504
Goods	2213000
Goods	2213001
Goods	2213002
Goods	2213003
Goods	2213004
Goods	2213005
Goods	2213006
Goods	2213007
Goods	2213008
Goods	2213009
Goods	2213010
Goods	2213500
Goods	2213501
Goods	2213502
Goods	2213503
Goods	2213504
Goods	2214000
Goods	2214001
Goods	2214002
Goods	2214003
Goods	2214004
Goods	2214005
Goods	2214006
Goods	2214007
Goods	2214008
Goods	2214009
Goods	2214010
Goods	2214500
Goods	2214501
Goods	2214502
Goods	2214503
Goods	2214504
Goods	2215000
Goods	2215001
Goods	2215002
Goods	2215003
Goods	2215004
Goods	2215005
Goods	2215006
Goods	2215007
Goods	2215008
Goods	2215009
Goods	2215010
Goods	2215500
Goods	2215501
Goods	2215502
Goods	2215503
Goods	2215504
Goods	2217000
Goods	2217001
Goods	2217002
Goods	2217003
Goods	2217004
Goods	2217005
Goods	2217006
Goods	2217007
Goods	2217008
Goods	2217009
Goods	2217010
Goods	2217500
Goods	2217501
Goods	2217502
Goods	2217503
Goods	2217504
Goods	2218000
Goods	2218001
Goods	2218002
Goods	2218003
Goods	2218004
Goods	2218005
Goods	2218006
Goods	2218007
Goods	2218008
Goods	2218009
Goods	2218010
Goods	2218500
Goods	2218501
Goods	2218502
Goods	2218503
Goods	2218504
Goods	2219000
Goods	2219001
Goods	2219002
Goods	2219003
Goods	2219004
Goods	2219005
Goods	2219006
Goods	2219007
Goods	2219008
Goods	2219009
Goods	2219010
Goods	2219500
Goods	2219501
Goods	2219502
Goods	2219503
Goods	2219504
Goods	2220000
Goods	2220001
Goods	2220002
Goods	2220003
Goods	2220004
Goods	2220005
Goods	2220006
Goods	2220007
Goods	2220008
Goods	2220009
Goods	2220010
Goods	2220500
Goods	2220501
Goods	2220502
Goods	2220503
Goods	2220504
Goods	2400000
Goods	2400001
Goods	2400002
Goods	2400003
Goods	2400004
Goods	2400005
Goods	2400006
Goods	2400007
Goods	2400008
Goods	2400009
Goods	2400010
Goods	2400500
Goods	2400501
Goods	2400502
Goods	2400503
Goods	2400504
Goods	2410000
Goods	2410001
Goods	2410002
Goods	2410003
Goods	2410004
Goods	2410005
Goods	2410006
Goods	2410007
Goods	2410008
Goods	2410009
Goods	2410010
Goods	2410500
Goods	2410501
Goods	2410502
Goods	2410503
Goods	2410504
Goods	2420000
Goods	2420001
Goods	2420002
Goods	2420003
Goods	2420004
Goods	2420005
Goods	2420006
Goods	2420007
Goods	2420008
Goods	2420009
Goods	2420010
Goods	2420500
Goods	2420501
Goods	2420502
Goods	2420503
Goods	2420504
Goods	2430000
Goods	2430001
Goods	2430002
Goods	2430003
Goods	2430004
Goods	2430005
Goods	2430006
Goods	2430007
Goods	2430008
Goods	2430009
Goods	2430010
Goods	2430500
Goods	2430501
Goods	2430502
Goods	2430503
Goods	2430504
Goods	2440000
Goods	2440001
Goods	2440002
Goods	2440003
Goods	2440004
Goods	2440005
Goods	2440006
Goods	2440007
Goods	2440008
Goods	2440009
Goods	2440010
Goods	2440500
Goods	2440501
Goods	2440502
Goods	2440503
Goods	2440504
Goods	2450000
Goods	2450001
Goods	2450002
Goods	2450003
Goods	2450004
Goods	2450005
Goods	2450006
Goods	2450007
Goods	2450008
Goods	2450009
Goods	2450010
Goods	2450500
Goods	2450501
Goods	2450502
Goods	2450503
Goods	2450504
Goods	2460000
Goods	2460001
Goods	2460002
Goods	2460003
Goods	2460004
Goods	2460005
Goods	2460006
Goods	2460007
Goods	2460008
Goods	2460009
Goods	2460010
Goods	2460500
Goods	2460501
Goods	2460502
Goods	2460503
Goods	2460504
Goods	2470000
Goods	2470001
Goods	2470002
Goods	2470003
Goods	2470004
Goods	2470005
Goods	2470006
Goods	2470007
Goods	2470008
Goods	2470009
Goods	2470010
Goods	2470500
Goods	2470501
Goods	2470502
Goods	2470503
Goods	2470504
Goods	2480000
Goods	2480001
Goods	2480002
Goods	2480003
Goods	2480004
Goods	2480005
Goods	2480006
Goods	2480007
Goods	2480008
Goods	2480009
Goods	2480010
Goods	2480500
Goods	2480501
Goods	2480502
Goods	2480503
Goods	2480504
Goods	2490000
Goods	2490001
Goods	2490002
Goods	2490003
Goods	2490004
Goods	2490005
Goods	2490006
Goods	2490007
Goods	2490008
Goods	2490009
Goods	2490010
Goods	2490500
Goods	2490501
Goods	2490502
Goods	2490503
Goods	2490504
Goods	2500000
Goods	2500001
Goods	2500002
Goods	2500003
Goods	2500004
Goods	2500005
Goods	2500006
Goods	2500007
Goods	2500008
Goods	2500009
Goods	2500010
Goods	2500500
Goods	2500501
Goods	2500502
Goods	2500503
Goods	2500504
Goods	2510000
Goods	2510001
Goods	2510002
Goods	2510003
Goods	2510004
Goods	2510005
Goods	2510006
Goods	2510007
Goods	2510008
Goods	2510009
Goods	2510010
Goods	2510500
Goods	2510501
Goods	2510502
Goods	2510503
Goods	2510504
Goods	2520000
Goods	2520001
Goods	2520002
Goods	2520003
Goods	2520004
Goods	2520005
Goods	2520006
Goods	2520007
Goods	2520008
Goods	2520009
Goods	2520010
Goods	2520500
Goods	2520501
Goods	2520502
Goods	2520503
Goods	2520504
Goods	2530000
Goods	2530001
Goods	2530002
Goods	2530003
Goods	2530004
Goods	2530005
Goods	2530006
Goods	2530007
Goods	2530008
Goods	2530009
Goods	2530010
Goods	2530500
Goods	2530501
Goods	2530502
Goods	2530503
Goods	2530504
Goods	2540000
Goods	2540001
Goods	2540002
Goods	2540003
Goods	2540004
Goods	2540005
Goods	2540006
Goods	2540007
Goods	2540008
Goods	2540009
Goods	2540010
Goods	2540500
Goods	2540501
Goods	2540502
Goods	2540503
Goods	2540504
Goods	2550000
Goods	2550001
Goods	2550002
Goods	2550003
Goods	2550004
Goods	2550005
Goods	2550006
Goods	2550007
Goods	2550008
Goods	2550009
Goods	2550010
Goods	2550500
Goods	2550501
Goods	2550502
Goods	2550503
Goods	2550504
Goods	2560000
Goods	2560001
Goods	2560002
Goods	2560003
Goods	2560004
Goods	2560005
Goods	2560006
Goods	2560007
Goods	2560008
Goods	2560009
Goods	2560010
Goods	2560500
Goods	2560501
Goods	2560502
Goods	2560503
Goods	2560504
Goods	2570000
Goods	2570001
Goods	2570002
Goods	2570003
Goods	2570004
Goods	2570005
Goods	2570006
Goods	2570007
Goods	2570008
Goods	2570009
Goods	2570010
Goods	2570500
Goods	2570501
Goods	2570502
Goods	2570503
Goods	2570504
Goods	2580000
Goods	2580001
Goods	2580002
Goods	2580003
Goods	2580004
Goods	2580005
Goods	2580006
Goods	2580007
Goods	2580008
Goods	2580009
Goods	2580010
Goods	2580500
Goods	2580501
Goods	2580502
Goods	2580503
Goods	2580504
Goods	2590000
Goods	2590001
Goods	2590002
Goods	2590003
Goods	2590004
Goods	2590005
Goods	2590006
Goods	2590007
Goods	2590008
Goods	2590009
Goods	2590010
Goods	2590500
Goods	2590501
Goods	2590502
Goods	2590503
Goods	2590504
Goods	2600000
Goods	2600001
Goods	2600002
Goods	2600003
Goods	2600004
Goods	2600005
Goods	2600006
Goods	2600007
Goods	2600008
Goods	2600009
Goods	2600010
Goods	2600500
Goods	2600501
Goods	2600502
Goods	2600503
Goods	2600504
Goods	2601000
Goods	2601001
Goods	2601002
Goods	2601003
Goods	2601004
Goods	2601005
Goods	2601006
Goods	2601007
Goods	2601008
Goods	2601009
Goods	2601010
Goods	2601011
Goods	2601012
Goods	2601013
Goods	2601014
Goods	2601015
Goods	2602000
Goods	2602001
Goods	2602002
Goods	2602003
Goods	2602004
Goods	2602005
Goods	2602006
Goods	2602007
Goods	2602008
Goods	2602009
Goods	2602010
Goods	2602011
Goods	2602012
Goods	2602013
Goods	2602014
Goods	2602015
Goods	2603000
Goods	2603001
Goods	2603002
Goods	2603003
Goods	2603004
Goods	2603005
Goods	2603006
Goods	2603007
Goods	2603008
Goods	2603009
Goods	2603010
Goods	2603011
Goods	2603012
Goods	2603013
Goods	2603014
Goods	2603015
Goods	2604000
Goods	2604001
Goods	2604002
Goods	2604003
Goods	2604004
Goods	2604005
Goods	2604006
Goods	2604007
Goods	2604008
Goods	2604009
Goods	2604010
Goods	2604011
Goods	2604012
Goods	2604013
Goods	2604014
Goods	2604015
Goods	2605000
Goods	2605001
Goods	2605002
Goods	2605003
Goods	2605004
Goods	2605005
Goods	2605006
Goods	2605007
Goods	2605008
Goods	2605009
Goods	2605010
Goods	2605011
Goods	2605012
Goods	2605013
Goods	2605014
Goods	2605015
Goods	2606000
Goods	2606001
Goods	2606002
Goods	2606003
Goods	2606004
Goods	2606005
Goods	2606006
Goods	2606007
Goods	2606008
Goods	2606009
Goods	2606010
Goods	2606011
Goods	2606012
Goods	2606013
Goods	2606014
Goods	2606015
Goods	2607000
Goods	2607001
Goods	2607002
Goods	2607003
Goods	2607004
Goods	2607005
Goods	2607006
Goods	2607007
Goods	2607008
Goods	2607009
Goods	2607010
Goods	2607011
Goods	2607012
Goods	2607013
Goods	2607014
Goods	2607015
Goods	999999999
Weapon	1000
Weapon	1100
Weapon	1200
Weapon	1210
Weapon	1220
Weapon	1230
Weapon	1240
Weapon	1250
Weapon	1260
Weapon	1400
Weapon	1410
Weapon	1420
Weapon	1430
Weapon	1500
Weapon	1600
Weapon	1700
Weapon	1800
Weapon	1900
Weapon	2000
Weapon	2100
Weapon	2200
Weapon	11000
Weapon	12000
Weapon	13000
Weapon	100000
Weapon	100100
Weapon	100200
Weapon	100300
Weapon	100400
Weapon	100500
Weapon	100600
Weapon	100700
Weapon	100800
Weapon	100900
Weapon	101000
Weapon	110000
Weapon	170000
Weapon	171000
Weapon	172000
Weapon	173000
Weapon	174000
Weapon	175000
Weapon	176000
Weapon	183000
Weapon	183100
Weapon	184000
Weapon	184100
Weapon	300000
Weapon	301000
Weapon	301100
Weapon	302000
Weapon	303000
Weapon	305000
Weapon	305100
Weapon	306000
Weapon	307000
Weapon	308000
Weapon	351000
Weapon	358000
Weapon	361000
Weapon	470000
Weapon	471000
Weapon	472000
Weapon	502000
Weapon	600000
Weapon	613000
Weapon	614000
Weapon	615000
Weapon	616000
Weapon	618000
Weapon	619000
Weapon	620000
Weapon	830000
Weapon	830100
Weapon	830200
Weapon	832000
Weapon	832100
Weapon	833000
Weapon	834000
Weapon	835000
Weapon	835100
Weapon	836000
Weapon	837000
Weapon	838000
Weapon	840000
Weapon	842000
Weapon	843000
Weapon	844000
Weapon	846000
Weapon	847000
Weapon	848000
Weapon	849000
Weapon	851000
Weapon	860000
Weapon	864000
Weapon	865000
Weapon	866000
Weapon	866100
Weapon	867000
Weapon	868000
Weapon	930000
Weapon	931000
Weapon	932000
Weapon	933000
Weapon	934000
Weapon	937000
Weapon	960000
Weapon	962000
Weapon	965000
Weapon	966000
Weapon	968000
Weapon	969000
Weapon	970000
Weapon	971000
Weapon	974000
Weapon	976000
Weapon	1000000
Weapon	1000100
Weapon	1000200
Weapon	1000300
Weapon	1000400
Weapon	1000500
Weapon	1000600
Weapon	1000700
Weapon	1000800
Weapon	1000900
Weapon	1001000
Weapon	1001100
Weapon	1001200
Weapon	1001300
Weapon	1001400
Weapon	1001500
Weapon	1001600
Weapon	1001700
Weapon	1001800
Weapon	1001900
Weapon	1002000
Weapon	1002100
Weapon	1010000
Weapon	1020000
Weapon	1020100
Weapon	1020200
Weapon	1020300
Weapon	1020400
Weapon	1020500
Weapon	1020600
Weapon	1020700
Weapon	1020800
Weapon	1020900
Weapon	1021000
Weapon	1021100
Weapon	1021200
Weapon	1021300
Weapon	1021400
Weapon	1021500
Weapon	1021600
Weapon	1021700
Weapon	1021800
Weapon	1021900
Weapon	1022000
Weapon	1022100
Weapon	1030000
Weapon	1030100
Weapon	1030200
Weapon	1030300
Weapon	1030400
Weapon	1030500
Weapon	1030600
Weapon	1030700
Weapon	1030800
Weapon	1030900
Weapon	1031000
Weapon	1031100
Weapon	1031200
Weapon	1031300
Weapon	1031400
Weapon	1031500
Weapon	1031600
Weapon	1031700
Weapon	1031800
Weapon	1031900
Weapon	1032000
Weapon	1032100
Weapon	1040000
Weapon	1050000
Weapon	1060000
Weapon	1070000
Weapon	1080000
Weapon	1090000
Weapon	1090100
Weapon	1090200
Weapon	1090300
Weapon	1090400
Weapon	1090500
Weapon	1090600
Weapon	1090700
Weapon	1090800
Weapon	1090900
Weapon	1091000
Weapon	1091100
Weapon	1091200
Weapon	1091300
Weapon	1091400
Weapon	1091500
Weapon	1091600
Weapon	1091700
Weapon	1091800
Weapon	1091900
Weapon	1092000
Weapon	1092100
Weapon	1100000
Weapon	1100100
Weapon	1100200
Weapon	1100300
Weapon	1100400
Weapon	1100500
Weapon	1100600
Weapon	1100700
Weapon	1100800
Weapon	1100900
Weapon	1101000
Weapon	1101100
Weapon	1101200
Weapon	1101300
Weapon	1101400
Weapon	1101500
Weapon	1101600
Weapon	1101700
Weapon	1101800
Weapon	1101900
Weapon	1102000
Weapon	1102100
Weapon	1110000
Weapon	1120000
Weapon	1130000
Weapon	1140000
Weapon	1140100
Weapon	1140200
Weapon	1140300
Weapon	1140400
Weapon	1140500
Weapon	1140600
Weapon	1140700
Weapon	1140800
Weapon	1140900
Weapon	1141000
Weapon	1141100
Weapon	1141200
Weapon	1141300
Weapon	1141400
Weapon	1141500
Weapon	1141600
Weapon	1141700
Weapon	1141800
Weapon	1141900
Weapon	1142000
Weapon	1142100
Weapon	1150000
Weapon	1160000
Weapon	1170000
Weapon	1180000
Weapon	1190000
Weapon	1200000
Weapon	1205000
Weapon	1300000
Weapon	1400000
Weapon	1500000
Weapon	1500100
Weapon	1500200
Weapon	1500300
Weapon	1500400
Weapon	1500500
Weapon	1500600
Weapon	1500700
Weapon	1500800
Weapon	1500900
Weapon	1501000
Weapon	1501100
Weapon	1501200
Weapon	1501300
Weapon	1501400
Weapon	1501500
Weapon	1501600
Weapon	1501700
Weapon	1501800
Weapon	1501900
Weapon	1502000
Weapon	1502100
Weapon	1510000
Weapon	1510100
Weapon	1510200
Weapon	1510300
Weapon	1510400
Weapon	1510500
Weapon	1510600
Weapon	1510700
Weapon	1510800
Weapon	1510900
Weapon	1511000
Weapon	1511100
Weapon	1511200
Weapon	1690000
Weapon	1910000
Weapon	2000000
Weapon	2000100
Weapon	2000200
Weapon	2000300
Weapon	2000400
Weapon	2000500
Weapon	2000600
Weapon	2000700
Weapon	2000800
Weapon	2000900
Weapon	2001000
Weapon	2001100
Weapon	2001200
Weapon	2001300
Weapon	2001400
Weapon	2001500
Weapon	2001600
Weapon	2001700
Weapon	2001800
Weapon	2001900
Weapon	2002000
Weapon	2002100
Weapon	2010000
Weapon	2010100
Weapon	2010200
Weapon	2010300
Weapon	2010400
Weapon	2010500
Weapon	2010600
Weapon	2010700
Weapon	2010800
Weapon	2010900
Weapon	2011000
Weapon	2011100
Weapon	2011200
Weapon	2011300
Weapon	2011400
Weapon	2011500
Weapon	2011600
Weapon	2011700
Weapon	2011800
Weapon	2011900
Weapon	2012000
Weapon	2012100
Weapon	2020000
Weapon	2020100
Weapon	2020200
Weapon	2020300
Weapon	2020400
Weapon	2020500
Weapon	2020600
Weapon	2020700
Weapon	2020800
Weapon	2020900
Weapon	2021000
Weapon	2021100
Weapon	2021200
Weapon	2021300
Weapon	2021400
Weapon	2021500
Weapon	2021600
Weapon	2021700
Weapon	2021800
Weapon	2021900
Weapon	2022000
Weapon	2022100
Weapon	2030000
Weapon	2040000
Weapon	2040100
Weapon	2040200
Weapon	2040300
Weapon	2040400
Weapon	2040500
Weapon	2040600
Weapon	2040700
Weapon	2040800
Weapon	2040900
Weapon	2041000
Weapon	2041100
Weapon	2041200
Weapon	2041300
Weapon	2041400
Weapon	2041500
Weapon	2041600
Weapon	2041700
Weapon	2041800
Weapon	2041900
Weapon	2042000
Weapon	2042100
Weapon	2050000
Weapon	2050100
Weapon	2050200
Weapon	2050300
Weapon	2050400
Weapon	2050500
Weapon	2050600
Weapon	2050700
Weapon	2050800
Weapon	2050900
Weapon	2051000
Weapon	2051100
Weapon	2051200
Weapon	2051300
Weapon	2051400
Weapon	2051500
Weapon	2051600
Weapon	2051700
Weapon	2051800
Weapon	2051900
Weapon	2052000
Weapon	2052100
Weapon	2060000
Weapon	2070000
Weapon	2080000
Weapon	2090000
Weapon	2092000
Weapon	2110000
Weapon	2120000
Weapon	2140000
Weapon	2150000
Weapon	2180000
Weapon	2190000
Weapon	2200000
Weapon	2210000
Weapon	2210100
Weapon	2210200
Weapon	2210300
Weapon	2210400
Weapon	2210500
Weapon	2210600
Weapon	2210700
Weapon	2210800
Weapon	2210900
Weapon	2211000
Weapon	2211100
Weapon	2211200
Weapon	2211300
Weapon	2211400
Weapon	2211500
Weapon	2211600
Weapon	2211700
Weapon	2211800
Weapon	2211900
Weapon	2212000
Weapon	2212100
Weapon	2220000
Weapon	2230000
Weapon	2230100
Weapon	2230200
Weapon	2230300
Weapon	2230400
Weapon	2230500
Weapon	2230600
Weapon	2230700
Weapon	2230800
Weapon	2230900
Weapon	2231000
Weapon	2231100
Weapon	2231200
Weapon	2231300
Weapon	2231400
Weapon	2231500
Weapon	2231600
Weapon	2231700
Weapon	2231800
Weapon	2231900
Weapon	2232000
Weapon	2232100
Weapon	2240000
Weapon	2240100
Weapon	2240200
Weapon	2240300
Weapon	2240400
Weapon	2240500
Weapon	2240600
Weapon	2240700
Weapon	2240800
Weapon	2240900
Weapon	2241000
Weapon	2241100
Weapon	2241200
Weapon	2241300
Weapon	2241400
Weapon	2241500
Weapon	2241600
Weapon	2241700
Weapon	2241800
Weapon	2241900
Weapon	2242000
Weapon	2242100
Weapon	2250000
Weapon	2260000
Weapon	2270000
Weapon	2280000
Weapon	2510000
Weapon	2520000
Weapon	2530000
Weapon	2540000
Weapon	2550000
Weapon	2560000
Weapon	3000000
Weapon	3000100
Weapon	3000200
Weapon	3000300
Weapon	3000400
Weapon	3000500
Weapon	3000600
Weapon	3000700
Weapon	3000800
Weapon	3000900
Weapon	3001000
Weapon	3001100
Weapon	3001200
Weapon	3001300
Weapon	3001400
Weapon	3001500
Weapon	3001600
Weapon	3001700
Weapon	3001800
Weapon	3001900
Weapon	3002000
Weapon	3002100
Weapon	3010000
Weapon	3010100
Weapon	3010200
Weapon	3010300
Weapon	3010400
Weapon	3010500
Weapon	3010600
Weapon	3010700
Weapon	3010800
Weapon	3010900
Weapon	3011000
Weapon	3011100
Weapon	3011200
Weapon	3011300
Weapon	3011400
Weapon	3011500
Weapon	3011600
Weapon	3011700
Weapon	3011800
Weapon	3011900
Weapon	3012000
Weapon	3012100
Weapon	3020000
Weapon	3020100
Weapon	3020200
Weapon	3020300
Weapon	3020400
Weapon	3020500
Weapon	3020600
Weapon	3020700
Weapon	3020800
Weapon	3020900
Weapon	3021000
Weapon	3021100
Weapon	3021200
Weapon	3021300
Weapon	3021400
Weapon	3021500
Weapon	3021600
Weapon	3021700
Weapon	3021800
Weapon	3021900
Weapon	3022000
Weapon	3022100
Weapon	3030000
Weapon	3030100
Weapon	3030200
Weapon	3030300
Weapon	3030400
Weapon	3030500
Weapon	3030600
Weapon	3030700
Weapon	3030800
Weapon	3030900
Weapon	3031000
Weapon	3031100
Weapon	3031200
Weapon	3031300
Weapon	3031400
Weapon	3031500
Weapon	3031600
Weapon	3031700
Weapon	3031800
Weapon	3031900
Weapon	3032000
Weapon	3032100
Weapon	3040000
Weapon	3040100
Weapon	3040200
Weapon	3040300
Weapon	3040400
Weapon	3040500
Weapon	3040600
Weapon	3040700
Weapon	3040800
Weapon	3040900
Weapon	3041000
Weapon	3041100
Weapon	3041200
Weapon	3041300
Weapon	3041400
Weapon	3041500
Weapon	3041600
Weapon	3041700
Weapon	3041800
Weapon	3041900
Weapon	3042000
Weapon	3042100
Weapon	3050000
Weapon	3050100
Weapon	3050200
Weapon	3050300
Weapon	3050400
Weapon	3050500
Weapon	3050600
Weapon	3050700
Weapon	3050800
Weapon	3050900
Weapon	3051000
Weapon	3051100
Weapon	3051200
Weapon	3051300
Weapon	3051400
Weapon	3051500
Weapon	3051600
Weapon	3051700
Weapon	3051800
Weapon	3051900
Weapon	3052000
Weapon	3052100
Weapon	3060000
Weapon	3070000
Weapon	3080000
Weapon	3080100
Weapon	3080200
Weapon	3080300
Weapon	3080400
Weapon	3080500
Weapon	3080600
Weapon	3080700
Weapon	3080800
Weapon	3080900
Weapon	3081000
Weapon	3081100
Weapon	3081200
Weapon	3081300
Weapon	3081400
Weapon	3081500
Weapon	3081600
Weapon	3081700
Weapon	3081800
Weapon	3081900
Weapon	3082000
Weapon	3082100
Weapon	3090000
Weapon	3100000
Weapon	3110000
Weapon	3120000
Weapon	3130000
Weapon	3140000
Weapon	3145000
Weapon	3150000
Weapon	3160000
Weapon	3170000
Weapon	3180000
Weapon	3180100
Weapon	3180200
Weapon	3180300
Weapon	3180400
Weapon	3180500
Weapon	3180600
Weapon	3180700
Weapon	3180800
Weapon	3180900
Weapon	3181000
Weapon	3181100
Weapon	3181200
Weapon	3181300
Weapon	3181400
Weapon	3181500
Weapon	3181600
Weapon	3181700
Weapon	3181800
Weapon	3181900
Weapon	3182000
Weapon	3182100
Weapon	3190000
Weapon	3200000
Weapon	3210000
Weapon	3220000
Weapon	3230000
Weapon	3240000
Weapon	3250000
Weapon	3255000
Weapon	3300000
Weapon	3500000
Weapon	3500100
Weapon	3500200
Weapon	3500300
Weapon	3500400
Weapon	3500500
Weapon	3500600
Weapon	3500700
Weapon	3500800
Weapon	3500900
Weapon	3501000
Weapon	3501100
Weapon	3501200
Weapon	3501300
Weapon	3501400
Weapon	3501500
Weapon	3501600
Weapon	3501700
Weapon	3501800
Weapon	3501900
Weapon	3502000
Weapon	3502100
Weapon	3510000
Weapon	3520000
Weapon	3520100
Weapon	3520200
Weapon	3520300
Weapon	3520400
Weapon	3520500
Weapon	3520600
Weapon	3520700
Weapon	3520800
Weapon	3520900
Weapon	3521000
Weapon	3521100
Weapon	3521200
Weapon	3521300
Weapon	3521400
Weapon	3521500
Weapon	3521600
Weapon	3521700
Weapon	3521800
Weapon	3521900
Weapon	3522000
Weapon	3522100
Weapon	3550000
Weapon	3560000
Weapon	3690000
Weapon	3900000
Weapon	3990000
Weapon	4000000
Weapon	4000100
Weapon	4000200
Weapon	4000300
Weapon	4000400
Weapon	4000500
Weapon	4000600
Weapon	4000700
Weapon	4000800
Weapon	4000900
Weapon	4001000
Weapon	4001100
Weapon	4001200
Weapon	4001300
Weapon	4001400
Weapon	4001500
Weapon	4001600
Weapon	4001700
Weapon	4001800
Weapon	4001900
Weapon	4002000
Weapon	4002100
Weapon	4010000
Weapon	4010100
Weapon	4010200
Weapon	4010300
Weapon	4010400
Weapon	4010500
Weapon	4010600
Weapon	4010700
Weapon	4010800
Weapon	4010900
Weapon	4011000
Weapon	4011100
Weapon	4011200
Weapon	4011300
Weapon	4011400
Weapon	4011500
Weapon	4011600
Weapon	4011700
Weapon	4011800
Weapon	4011900
Weapon	4012000
Weapon	4012100
Weapon	4020000
Weapon	4030000
Weapon	4030100
Weapon	4030200
Weapon	4030300
Weapon	4030400
Weapon	4030500
Weapon	4030600
Weapon	4030700
Weapon	4030800
Weapon	4030900
Weapon	4031000
Weapon	4031100
Weapon	4031200
Weapon	4031300
Weapon	4031400
Weapon	4031500
Weapon	4031600
Weapon	4031700
Weapon	4031800
Weapon	4031900
Weapon	4032000
Weapon	4032100
Weapon	4040000
Weapon	4040100
Weapon	4040200
Weapon	4040300
Weapon	4040400
Weapon	4040500
Weapon	4040600
Weapon	4040700
Weapon	4040800
Weapon	4040900
Weapon	4041000
Weapon	4041100
Weapon	4041200
Weapon	4041300
Weapon	4041400
Weapon	4041500
Weapon	4041600
Weapon	4041700
Weapon	4041800
Weapon	4041900
Weapon	4042000
Weapon	4042100
Weapon	4050000
Weapon	4060000
Weapon	4070000
Weapon	4080000
Weapon	4090000
Weapon	4100000
Weapon	4110000
Weapon	4120000
Weapon	4130000
Weapon	4140000
Weapon	4500000
Weapon	4520000
Weapon	4520100
Weapon	4520200
Weapon	4520300
Weapon	4520400
Weapon	4520500
Weapon	4520600
Weapon	4520700
Weapon	4520800
Weapon	4520900
Weapon	4521000
Weapon	4521100
Weapon	4521200
Weapon	4530000
Weapon	4540000
Weapon	4550000
Weapon	4690000
Weapon	4900000
Weapon	4910000
Weapon	5000000
Weapon	5000100
Weapon	5000200
Weapon	5000300
Weapon	5000400
Weapon	5000500
Weapon	5000600
Weapon	5000700
Weapon	5000800
Weapon	5000900
Weapon	5001000
Weapon	5001100
Weapon	5001200
Weapon	5001300
Weapon	5001400
Weapon	5001500
Weapon	5001600
Weapon	5001700
Weapon	5001800
Weapon	5001900
Weapon	5002000
Weapon	5002100
Weapon	5010000
Weapon	5010100
Weapon	5010200
Weapon	5010300
Weapon	5010400
Weapon	5010500
Weapon	5010600
Weapon	5010700
Weapon	5010800
Weapon	5010900
Weapon	5011000
Weapon	5011100
Weapon	5011200
Weapon	5011300
Weapon	5011400
Weapon	5011500
Weapon	5011600
Weapon	5011700
Weapon	5011800
Weapon	5011900
Weapon	5012000
Weapon	5012100
Weapon	5020000
Weapon	5020100
Weapon	5020200
Weapon	5020300
Weapon	5020400
Weapon	5020500
Weapon	5020600
Weapon	5020700
Weapon	5020800
Weapon	5020900
Weapon	5021000
Weapon	5021100
Weapon	5021200
Weapon	5021300
Weapon	5021400
Weapon	5021500
Weapon	5021600
Weapon	5021700
Weapon	5021800
Weapon	5021900
Weapon	5022000
Weapon	5022100
Weapon	5030000
Weapon	5030100
Weapon	5030200
Weapon	5030300
Weapon	5030400
Weapon	5030500
Weapon	5030600
Weapon	5030700
Weapon	5030800
Weapon	5030900
Weapon	5031000
Weapon	5031100
Weapon	5031200
Weapon	5031300
Weapon	5031400
Weapon	5031500
Weapon	5031600
Weapon	5031700
Weapon	5031800
Weapon	5031900
Weapon	5032000
Weapon	5032100
Weapon	5040000
Weapon	5050000
Weapon	5060000
Weapon	5060100
Weapon	5060200
Weapon	5060300
Weapon	5060400
Weapon	5060500
Weapon	5060600
Weapon	5060700
Weapon	5060800
Weapon	5060900
Weapon	5061000
Weapon	5061100
Weapon	5061200
Weapon	5061300
Weapon	5061400
Weapon	5061500
Weapon	5061600
Weapon	5061700
Weapon	5061800
Weapon	5061900
Weapon	5062000
Weapon	5062100
Weapon	5070000
Weapon	5080000
Weapon	5090000
Weapon	5690000
Weapon	6000000
Weapon	6010000
Weapon	6020000
Weapon	6020100
Weapon	6020200
Weapon	6020300
Weapon	6020400
Weapon	6020500
Weapon	6020600
Weapon	6020700
Weapon	6020800
Weapon	6020900
Weapon	6021000
Weapon	6021100
Weapon	6021200
Weapon	6021300
Weapon	6021400
Weapon	6021500
Weapon	6021600
Weapon	6021700
Weapon	6021800
Weapon	6021900
Weapon	6022000
Weapon	6022100
Weapon	6030000
Weapon	6040000
Weapon	6050000
Weapon	6490000
Weapon	6500000
Weapon	6500100
Weapon	6500200
Weapon	6500300
Weapon	6500400
Weapon	6500500
Weapon	6500600
Weapon	6500700
Weapon	6500800
Weapon	6500900
Weapon	6501000
Weapon	6501100
Weapon	6501200
Weapon	6690000
Weapon	6900000
Weapon	7000000
Weapon	7000100
Weapon	7000200
Weapon	7000300
Weapon	7000400
Weapon	7000500
Weapon	7000600
Weapon	7000700
Weapon	7000800
Weapon	7000900
Weapon	7001000
Weapon	7001100
Weapon	7001200
Weapon	7001300
Weapon	7001400
Weapon	7001500
Weapon	7001600
Weapon	7001700
Weapon	7001800
Weapon	7001900
Weapon	7002000
Weapon	7002100
Weapon	7010000
Weapon	7020000
Weapon	7020100
Weapon	7020200
Weapon	7020300
Weapon	7020400
Weapon	7020500
Weapon	7020600
Weapon	7020700
Weapon	7020800
Weapon	7020900
Weapon	7021000
Weapon	7021100
Weapon	7021200
Weapon	7021300
Weapon	7021400
Weapon	7021500
Weapon	7021600
Weapon	7021700
Weapon	7021800
Weapon	7021900
Weapon	7022000
Weapon	7022100
Weapon	7030000
Weapon	7030100
Weapon	7030200
Weapon	7030300
Weapon	7030400
Weapon	7030500
Weapon	7030600
Weapon	7030700
Weapon	7030800
Weapon	7030900
Weapon	7031000
Weapon	7031100
Weapon	7031200
Weapon	7031300
Weapon	7031400
Weapon	7031500
Weapon	7031600
Weapon	7031700
Weapon	7031800
Weapon	7031900
Weapon	7032000
Weapon	7032100
Weapon	7040000
Weapon	7040100
Weapon	7040200
Weapon	7040300
Weapon	7040400
Weapon	7040500
Weapon	7040600
Weapon	7040700
Weapon	7040800
Weapon	7040900
Weapon	7041000
Weapon	7041100
Weapon	7041200
Weapon	7041300
Weapon	7041400
Weapon	7041500
Weapon	7041600
Weapon	7041700
Weapon	7041800
Weapon	7041900
Weapon	7042000
Weapon	7042100
Weapon	7050000
Weapon	7060000
Weapon	7070000
Weapon	7080000
Weapon	7080100
Weapon	7080200
Weapon	7080300
Weapon	7080400
Weapon	7080500
Weapon	7080600
Weapon	7080700
Weapon	7080800
Weapon	7080900
Weapon	7081000
Weapon	7081100
Weapon	7081200
Weapon	7081300
Weapon	7081400
Weapon	7081500
Weapon	7081600
Weapon	7081700
Weapon	7081800
Weapon	7081900
Weapon	7082000
Weapon	7082100
Weapon	7090000
Weapon	7100000
Weapon	7110000
Weapon	7110100
Weapon	7110200
Weapon	7110300
Weapon	7110400
Weapon	7110500
Weapon	7110600
Weapon	7110700
Weapon	7110800
Weapon	7110900
Weapon	7111000
Weapon	7111100
Weapon	7111200
Weapon	7111300
Weapon	7111400
Weapon	7111500
Weapon	7111600
Weapon	7111700
Weapon	7111800
Weapon	7111900
Weapon	7112000
Weapon	7112100
Weapon	7120000
Weapon	7140000
Weapon	7140100
Weapon	7140200
Weapon	7140300
Weapon	7140400
Weapon	7140500
Weapon	7140600
Weapon	7140700
Weapon	7140800
Weapon	7140900
Weapon	7141000
Weapon	7141100
Weapon	7141200
Weapon	7141300
Weapon	7141400
Weapon	7141500
Weapon	7141600
Weapon	7141700
Weapon	7141800
Weapon	7141900
Weapon	7142000
Weapon	7142100
Weapon	7150000
Weapon	7150100
Weapon	7150200
Weapon	7150300
Weapon	7150400
Weapon	7150500
Weapon	7150600
Weapon	7150700
Weapon	7150800
Weapon	7150900
Weapon	7151000
Weapon	7151100
Weapon	7151200
Weapon	7151300
Weapon	7151400
Weapon	7151500
Weapon	7151600
Weapon	7151700
Weapon	7151800
Weapon	7151900
Weapon	7152000
Weapon	7152100
Weapon	7160000
Weapon	7170000
Weapon	7180000
Weapon	7500000
Weapon	7510000
Weapon	7520000
Weapon	7530000
Weapon	7670000
Weapon	7680000
Weapon	7690000
Weapon	8010000
Weapon	8020000
Weapon	8020100
Weapon	8020200
Weapon	8020300
Weapon	8020400
Weapon	8020500
Weapon	8020600
Weapon	8020700
Weapon	8020800
Weapon	8020900
Weapon	8021000
Weapon	8021100
Weapon	8021200
Weapon	8021300
Weapon	8021400
Weapon	8021500
Weapon	8021600
Weapon	8021700
Weapon	8021800
Weapon	8021900
Weapon	8022000
Weapon	8022100
Weapon	8030000
Weapon	8040000
Weapon	8050000
Weapon	8060000
Weapon	8060100
Weapon	8060200
Weapon	8060300
Weapon	8060400
Weapon	8060500
Weapon	8060600
Weapon	8060700
Weapon	8060800
Weapon	8060900
Weapon	8061000
Weapon	8061100
Weapon	8061200
Weapon	8061300
Weapon	8061400
Weapon	8061500
Weapon	8061600
Weapon	8061700
Weapon	8061800
Weapon	8061900
Weapon	8062000
Weapon	8062100
Weapon	8070000
Weapon	8080000
Weapon	8090000
Weapon	8100000
Weapon	8105000
Weapon	8500000
Weapon	8510000
Weapon	8510100
Weapon	8510200
Weapon	8510300
Weapon	8510400
Weapon	8510500
Weapon	8510600
Weapon	8510700
Weapon	8510800
Weapon	8510900
Weapon	8511000
Weapon	8511100
Weapon	8511200
Weapon	8520000
Weapon	8530000
Weapon	8530100
Weapon	8530200
Weapon	8530300
Weapon	8530400
Weapon	8530500
Weapon	8530600
Weapon	8530700
Weapon	8530800
Weapon	8530900
Weapon	8531000
Weapon	8531100
Weapon	8531200
Weapon	8531300
Weapon	8531400
Weapon	8531500
Weapon	8531600
Weapon	8531700
Weapon	8531800
Weapon	8531900
Weapon	8532000
Weapon	8532100
Weapon	8690000
Weapon	8900000
Weapon	9000000
Weapon	9000100
Weapon	9000200
Weapon	9000300
Weapon	9000400
Weapon	9000500
Weapon	9000600
Weapon	9000700
Weapon	9000800
Weapon	9000900
Weapon	9001000
Weapon	9001100
Weapon	9001200
Weapon	9001300
Weapon	9001400
Weapon	9001500
Weapon	9001600
Weapon	9001700
Weapon	9001800
Weapon	9001900
Weapon	9002000
Weapon	9002100
Weapon	9010000
Weapon	9010100
Weapon	9010200
Weapon	9010300
Weapon	9010400
Weapon	9010500
Weapon	9010600
Weapon	9010700
Weapon	9010800
Weapon	9010900
Weapon	9011000
Weapon	9011100
Weapon	9011200
Weapon	9011300
Weapon	9011400
Weapon	9011500
Weapon	9011600
Weapon	9011700
Weapon	9011800
Weapon	9011900
Weapon	9012000
Weapon	9012100
Weapon	9020000
Weapon	9030000
Weapon	9040000
Weapon	9050000
Weapon	9060000
Weapon	9070000
Weapon	9080000
Weapon	9080100
Weapon	9080200
Weapon	9080300
Weapon	9080400
Weapon	9080500
Weapon	9080600
Weapon	9080700
Weapon	9080800
Weapon	9080900
Weapon	9081000
Weapon	9081100
Weapon	9081200
Weapon	9090000
Weapon	9500000
Weapon	9680000
Weapon	9690000
Weapon	9900000
Weapon	9910000
Weapon	9911000
Weapon	9920000
Weapon	9930000
Weapon	10000000
Weapon	10000100
Weapon	10000200
Weapon	10000300
Weapon	10000400
Weapon	10000500
Weapon	10000600
Weapon	10000700
Weapon	10000800
Weapon	10000900
Weapon	10001000
Weapon	10001100
Weapon	10001200
Weapon	10001300
Weapon	10001400
Weapon	10001500
Weapon	10001600
Weapon	10001700
Weapon	10001800
Weapon	10001900
Weapon	10002000
Weapon	10002100
Weapon	10010000
Weapon	10010100
Weapon	10010200
Weapon	10010300
Weapon	10010400
Weapon	10010500
Weapon	10010600
Weapon	10010700
Weapon	10010800
Weapon	10010900
Weapon	10011000
Weapon	10011100
Weapon	10011200
Weapon	10020000
Weapon	10030000
Weapon	10030100
Weapon	10030200
Weapon	10030300
Weapon	10030400
Weapon	10030500
Weapon	10030600
Weapon	10030700
Weapon	10030800
Weapon	10030900
Weapon	10031000
Weapon	10031100
Weapon	10031200
Weapon	10031300
Weapon	10031400
Weapon	10031500
Weapon	10031600
Weapon	10031700
Weapon	10031800
Weapon	10031900
Weapon	10032000
Weapon	10032100
Weapon	10040000
Weapon	10050000
Weapon	10060000
Weapon	10070000
Weapon	10080000
Weapon	10080100
Weapon	10080200
Weapon	10080300
Weapon	10080400
Weapon	10080500
Weapon	10080600
Weapon	10080700
Weapon	10080800
Weapon	10080900
Weapon	10081000
Weapon	10081100
Weapon	10081200
Weapon	10090000
Weapon	10100000
Weapon	10110000
Weapon	10200000
Weapon	10205000
Weapon	10500000
Weapon	10510000
Weapon	10510100
Weapon	10510200
Weapon	10510300
Weapon	10510400
Weapon	10510500
Weapon	10510600
Weapon	10510700
Weapon	10510800
Weapon	10510900
Weapon	10511000
Weapon	10511100
Weapon	10511200
Weapon	11000000
Weapon	11000100
Weapon	11000200
Weapon	11000300
Weapon	11000400
Weapon	11000500
Weapon	11000600
Weapon	11000700
Weapon	11000800
Weapon	11000900
Weapon	11001000
Weapon	11001100
Weapon	11001200
Weapon	11001300
Weapon	11001400
Weapon	11001500
Weapon	11001600
Weapon	11001700
Weapon	11001800
Weapon	11001900
Weapon	11002000
Weapon	11002100
Weapon	11010000
Weapon	11010100
Weapon	11010200
Weapon	11010300
Weapon	11010400
Weapon	11010500
Weapon	11010600
Weapon	11010700
Weapon	11010800
Weapon	11010900
Weapon	11011000
Weapon	11011100
Weapon	11011200
Weapon	11011300
Weapon	11011400
Weapon	11011500
Weapon	11011600
Weapon	11011700
Weapon	11011800
Weapon	11011900
Weapon	11012000
Weapon	11012100
Weapon	11020000
Weapon	11030000
Weapon	11030100
Weapon	11030200
Weapon	11030300
Weapon	11030400
Weapon	11030500
Weapon	11030600
Weapon	11030700
Weapon	11030800
Weapon	11030900
Weapon	11031000
Weapon	11031100
Weapon	11031200
Weapon	11031300
Weapon	11031400
Weapon	11031500
Weapon	11031600
Weapon	11031700
Weapon	11031800
Weapon	11031900
Weapon	11032000
Weapon	11032100
Weapon	11040000
Weapon	11040100
Weapon	11040200
Weapon	11040300
Weapon	11040400
Weapon	11040500
Weapon	11040600
Weapon	11040700
Weapon	11040800
Weapon	11040900
Weapon	11041000
Weapon	11041100
Weapon	11041200
Weapon	11041300
Weapon	11041400
Weapon	11041500
Weapon	11041600
Weapon	11041700
Weapon	11041800
Weapon	11041900
Weapon	11042000
Weapon	11042100
Weapon	11050000
Weapon	11050100
Weapon	11050200
Weapon	11050300
Weapon	11050400
Weapon	11050500
Weapon	11050600
Weapon	11050700
Weapon	11050800
Weapon	11050900
Weapon	11051000
Weapon	11051100
Weapon	11051200
Weapon	11051300
Weapon	11051400
Weapon	11051500
Weapon	11051600
Weapon	11051700
Weapon	11051800
Weapon	11051900
Weapon	11052000
Weapon	11052100
Weapon	11060000
Weapon	11070000
Weapon	11070100
Weapon	11070200
Weapon	11070300
Weapon	11070400
Weapon	11070500
Weapon	11070600
Weapon	11070700
Weapon	11070800
Weapon	11070900
Weapon	11071000
Weapon	11071100
Weapon	11071200
Weapon	11071300
Weapon	11071400
Weapon	11071500
Weapon	11071600
Weapon	11071700
Weapon	11071800
Weapon	11071900
Weapon	11072000
Weapon	11072100
Weapon	11080000
Weapon	11080100
Weapon	11080200
Weapon	11080300
Weapon	11080400
Weapon	11080500
Weapon	11080600
Weapon	11080700
Weapon	11080800
Weapon	11080900
Weapon	11081000
Weapon	11081100
Weapon	11081200
Weapon	11081300
Weapon	11081400
Weapon	11081500
Weapon	11081600
Weapon	11081700
Weapon	11081800
Weapon	11081900
Weapon	11082000
Weapon	11082100
Weapon	11090000
Weapon	11090100
Weapon	11090200
Weapon	11090300
Weapon	11090400
Weapon	11090500
Weapon	11090600
Weapon	11090700
Weapon	11090800
Weapon	11090900
Weapon	11091000
Weapon	11091100
Weapon	11091200
Weapon	11100000
Weapon	11110000
Weapon	11120000
Weapon	11130000
Weapon	11140000
Weapon	11140100
Weapon	11140200
Weapon	11140300
Weapon	11140400
Weapon	11140500
Weapon	11140600
Weapon	11140700
Weapon	11140800
Weapon	11140900
Weapon	11141000
Weapon	11141100
Weapon	11141200
Weapon	11141300
Weapon	11141400
Weapon	11141500
Weapon	11141600
Weapon	11141700
Weapon	11141800
Weapon	11141900
Weapon	11142000
Weapon	11142100
Weapon	11150000
Weapon	11160000
Weapon	11170000
Weapon	11180000
Weapon	11190000
Weapon	11191000
Weapon	11192000
Weapon	11193000
Weapon	11200000
Weapon	11500000
Weapon	11690000
Weapon	12000000
Weapon	12000100
Weapon	12000200
Weapon	12000300
Weapon	12000400
Weapon	12000500
Weapon	12000600
Weapon	12000700
Weapon	12000800
Weapon	12000900
Weapon	12001000
Weapon	12001100
Weapon	12001200
Weapon	12001300
Weapon	12001400
Weapon	12001500
Weapon	12001600
Weapon	12001700
Weapon	12001800
Weapon	12001900
Weapon	12002000
Weapon	12002100
Weapon	12010000
Weapon	12010100
Weapon	12010200
Weapon	12010300
Weapon	12010400
Weapon	12010500
Weapon	12010600
Weapon	12010700
Weapon	12010800
Weapon	12010900
Weapon	12011000
Weapon	12011100
Weapon	12011200
Weapon	12020000
Weapon	12020100
Weapon	12020200
Weapon	12020300
Weapon	12020400
Weapon	12020500
Weapon	12020600
Weapon	12020700
Weapon	12020800
Weapon	12020900
Weapon	12021000
Weapon	12021100
Weapon	12021200
Weapon	12021300
Weapon	12021400
Weapon	12021500
Weapon	12021600
Weapon	12021700
Weapon	12021800
Weapon	12021900
Weapon	12022000
Weapon	12022100
Weapon	12030000
Weapon	12040000
Weapon	12049000
Weapon	12060000
Weapon	12060100
Weapon	12060200
Weapon	12060300
Weapon	12060400
Weapon	12060500
Weapon	12060600
Weapon	12060700
Weapon	12060800
Weapon	12060900
Weapon	12061000
Weapon	12061100
Weapon	12061200
Weapon	12061300
Weapon	12061400
Weapon	12061500
Weapon	12061600
Weapon	12061700
Weapon	12061800
Weapon	12061900
Weapon	12062000
Weapon	12062100
Weapon	12070000
Weapon	12080000
Weapon	12080100
Weapon	12080200
Weapon	12080300
Weapon	12080400
Weapon	12080500
Weapon	12080600
Weapon	12080700
Weapon	12080800
Weapon	12080900
Weapon	12081000
Weapon	12081100
Weapon	12081200
Weapon	12081300
Weapon	12081400
Weapon	12081500
Weapon	12081600
Weapon	12081700
Weapon	12081800
Weapon	12081900
Weapon	12082000
Weapon	12082100
Weapon	12090000
Weapon	12130000
Weapon	12130100
Weapon	12130200
Weapon	12130300
Weapon	12130400
Weapon	12130500
Weapon	12130600
Weapon	12130700
Weapon	12130800
Weapon	12130900
Weapon	12131000
Weapon	12131100
Weapon	12131200
Weapon	12140000
Weapon	12140100
Weapon	12140200
Weapon	12140300
Weapon	12140400
Weapon	12140500
Weapon	12140600
Weapon	12140700
Weapon	12140800
Weapon	12140900
Weapon	12141000
Weapon	12141100
Weapon	12141200
Weapon	12141300
Weapon	12141400
Weapon	12141500
Weapon	12141600
Weapon	12141700
Weapon	12141800
Weapon	12141900
Weapon	12142000
Weapon	12142100
Weapon	12150000
Weapon	12160000
Weapon	12170000
Weapon	12180000
Weapon	12180100
Weapon	12180200
Weapon	12180300
Weapon	12180400
Weapon	12180500
Weapon	12180600
Weapon	12180700
Weapon	12180800
Weapon	12180900
Weapon	12181000
Weapon	12181100
Weapon	12181200
Weapon	12181300
Weapon	12181400
Weapon	12181500
Weapon	12181600
Weapon	12181700
Weapon	12181800
Weapon	12181900
Weapon	12182000
Weapon	12182100
Weapon	12190000
Weapon	12190100
Weapon	12190200
Weapon	12190300
Weapon	12190400
Weapon	12190500
Weapon	12190600
Weapon	12190700
Weapon	12190800
Weapon	12190900
Weapon	12191000
Weapon	12191100
Weapon	12191200
Weapon	12191300
Weapon	12191400
Weapon	12191500
Weapon	12191600
Weapon	12191700
Weapon	12191800
Weapon	12191900
Weapon	12192000
Weapon	12192100
Weapon	12200000
Weapon	12210000
Weapon	12210100
Weapon	12210200
Weapon	12210300
Weapon	12210400
Weapon	12210500
Weapon	12210600
Weapon	12210700
Weapon	12210800
Weapon	12210900
Weapon	12211000
Weapon	12211100
Weapon	12211200
Weapon	12500000
Weapon	12500100
Weapon	12500200
Weapon	12500300
Weapon	12500400
Weapon	12500500
Weapon	12500600
Weapon	12500700
Weapon	12500800
Weapon	12500900
Weapon	12501000
Weapon	12501100
Weapon	12501200
Weapon	12501300
Weapon	12501400
Weapon	12501500
Weapon	12501600
Weapon	12501700
Weapon	12501800
Weapon	12501900
Weapon	12502000
Weapon	12502100
Weapon	12510000
Weapon	12520000
Weapon	12520100
Weapon	12520200
Weapon	12520300
Weapon	12520400
Weapon	12520500
Weapon	12520600
Weapon	12520700
Weapon	12520800
Weapon	12520900
Weapon	12521000
Weapon	12521100
Weapon	12521200
Weapon	12530000
Weapon	12530100
Weapon	12530200
Weapon	12530300
Weapon	12530400
Weapon	12530500
Weapon	12530600
Weapon	12530700
Weapon	12530800
Weapon	12530900
Weapon	12531000
Weapon	12531100
Weapon	12531200
Weapon	12540000
Weapon	12545000
Weapon	12900000
Weapon	12910000
Weapon	13000000
Weapon	13000100
Weapon	13000200
Weapon	13000300
Weapon	13000400
Weapon	13000500
Weapon	13000600
Weapon	13000700
Weapon	13000800
Weapon	13000900
Weapon	13001000
Weapon	13001100
Weapon	13001200
Weapon	13001300
Weapon	13001400
Weapon	13001500
Weapon	13001600
Weapon	13001700
Weapon	13001800
Weapon	13001900
Weapon	13002000
Weapon	13002100
Weapon	13010000
Weapon	13010100
Weapon	13010200
Weapon	13010300
Weapon	13010400
Weapon	13010500
Weapon	13010600
Weapon	13010700
Weapon	13010800
Weapon	13010900
Weapon	13011000
Weapon	13011100
Weapon	13011200
Weapon	13011300
Weapon	13011400
Weapon	13011500
Weapon	13011600
Weapon	13011700
Weapon	13011800
Weapon	13011900
Weapon	13012000
Weapon	13012100
Weapon	13020000
Weapon	13030000
Weapon	13040000
Weapon	13040100
Weapon	13040200
Weapon	13040300
Weapon	13040400
Weapon	13040500
Weapon	13040600
Weapon	13040700
Weapon	13040800
Weapon	13040900
Weapon	13041000
Weapon	13041100
Weapon	13041200
Weapon	13041300
Weapon	13041400
Weapon	13041500
Weapon	13041600
Weapon	13041700
Weapon	13041800
Weapon	13041900
Weapon	13042000
Weapon	13042100
Weapon	13050000
Weapon	13060000
Weapon	13500000
Weapon	14000000
Weapon	14000100
Weapon	14000200
Weapon	14000300
Weapon	14000400
Weapon	14000500
Weapon	14000600
Weapon	14000700
Weapon	14000800
Weapon	14000900
Weapon	14001000
Weapon	14001100
Weapon	14001200
Weapon	14001300
Weapon	14001400
Weapon	14001500
Weapon	14001600
Weapon	14001700
Weapon	14001800
Weapon	14001900
Weapon	14002000
Weapon	14002100
Weapon	14010000
Weapon	14010100
Weapon	14010200
Weapon	14010300
Weapon	14010400
Weapon	14010500
Weapon	14010600
Weapon	14010700
Weapon	14010800
Weapon	14010900
Weapon	14011000
Weapon	14011100
Weapon	14011200
Weapon	14011300
Weapon	14011400
Weapon	14011500
Weapon	14011600
Weapon	14011700
Weapon	14011800
Weapon	14011900
Weapon	14012000
Weapon	14012100
Weapon	14020000
Weapon	14020100
Weapon	14020200
Weapon	14020300
Weapon	14020400
Weapon	14020500
Weapon	14020600
Weapon	14020700
Weapon	14020800
Weapon	14020900
Weapon	14021000
Weapon	14021100
Weapon	14021200
Weapon	14021300
Weapon	14021400
Weapon	14021500
Weapon	14021600
Weapon	14021700
Weapon	14021800
Weapon	14021900
Weapon	14022000
Weapon	14022100
Weapon	14030000
Weapon	14030100
Weapon	14030200
Weapon	14030300
Weapon	14030400
Weapon	14030500
Weapon	14030600
Weapon	14030700
Weapon	14030800
Weapon	14030900
Weapon	14031000
Weapon	14031100
Weapon	14031200
Weapon	14040000
Weapon	14040100
Weapon	14040200
Weapon	14040300
Weapon	14040400
Weapon	14040500
Weapon	14040600
Weapon	14040700
Weapon	14040800
Weapon	14040900
Weapon	14041000
Weapon	14041100
Weapon	14041200
Weapon	14041300
Weapon	14041400
Weapon	14041500
Weapon	14041600
Weapon	14041700
Weapon	14041800
Weapon	14041900
Weapon	14042000
Weapon	14042100
Weapon	14050000
Weapon	14060000
Weapon	14060100
Weapon	14060200
Weapon	14060300
Weapon	14060400
Weapon	14060500
Weapon	14060600
Weapon	14060700
Weapon	14060800
Weapon	14060900
Weapon	14061000
Weapon	14061100
Weapon	14061200
Weapon	14070000
Weapon	14080000
Weapon	14090000
Weapon	14100000
Weapon	14100100
Weapon	14100200
Weapon	14100300
Weapon	14100400
Weapon	14100500
Weapon	14100600
Weapon	14100700
Weapon	14100800
Weapon	14100900
Weapon	14101000
Weapon	14101100
Weapon	14101200
Weapon	14101300
Weapon	14101400
Weapon	14101500
Weapon	14101600
Weapon	14101700
Weapon	14101800
Weapon	14101900
Weapon	14102000
Weapon	14102100
Weapon	14110000
Weapon	14110100
Weapon	14110200
Weapon	14110300
Weapon	14110400
Weapon	14110500
Weapon	14110600
Weapon	14110700
Weapon	14110800
Weapon	14110900
Weapon	14111000
Weapon	14111100
Weapon	14111200
Weapon	14120000
Weapon	14130000
Weapon	14140000
Weapon	14150000
Weapon	14160000
Weapon	14170000
Weapon	14490000
Weapon	14500000
Weapon	14500100
Weapon	14500200
Weapon	14500300
Weapon	14500400
Weapon	14500500
Weapon	14500600
Weapon	14500700
Weapon	14500800
Weapon	14500900
Weapon	14501000
Weapon	14501100
Weapon	14501200
Weapon	14501300
Weapon	14501400
Weapon	14501500
Weapon	14501600
Weapon	14501700
Weapon	14501800
Weapon	14501900
Weapon	14502000
Weapon	14502100
Weapon	14510000
Weapon	14520000
Weapon	14520100
Weapon	14520200
Weapon	14520300
Weapon	14520400
Weapon	14520500
Weapon	14520600
Weapon	14520700
Weapon	14520800
Weapon	14520900
Weapon	14521000
Weapon	14521100
Weapon	14521200
Weapon	14521300
Weapon	14521400
Weapon	14521500
Weapon	14521600
Weapon	14521700
Weapon	14521800
Weapon	14521900
Weapon	14522000
Weapon	14522100
Weapon	14540000
Weapon	15000000
Weapon	15000100
Weapon	15000200
Weapon	15000300
Weapon	15000400
Weapon	15000500
Weapon	15000600
Weapon	15000700
Weapon	15000800
Weapon	15000900
Weapon	15001000
Weapon	15001100
Weapon	15001200
Weapon	15001300
Weapon	15001400
Weapon	15001500
Weapon	15001600
Weapon	15001700
Weapon	15001800
Weapon	15001900
Weapon	15002000
Weapon	15002100
Weapon	15010000
Weapon	15010100
Weapon	15010200
Weapon	15010300
Weapon	15010400
Weapon	15010500
Weapon	15010600
Weapon	15010700
Weapon	15010800
Weapon	15010900
Weapon	15011000
Weapon	15011100
Weapon	15011200
Weapon	15011300
Weapon	15011400
Weapon	15011500
Weapon	15011600
Weapon	15011700
Weapon	15011800
Weapon	15011900
Weapon	15012000
Weapon	15012100
Weapon	15020000
Weapon	15020100
Weapon	15020200
Weapon	15020300
Weapon	15020400
Weapon	15020500
Weapon	15020600
Weapon	15020700
Weapon	15020800
Weapon	15020900
Weapon	15021000
Weapon	15021100
Weapon	15021200
Weapon	15021300
Weapon	15021400
Weapon	15021500
Weapon	15021600
Weapon	15021700
Weapon	15021800
Weapon	15021900
Weapon	15022000
Weapon	15022100
Weapon	15030000
Weapon	15030100
Weapon	15030200
Weapon	15030300
Weapon	15030400
Weapon	15030500
Weapon	15030600
Weapon	15030700
Weapon	15030800
Weapon	15030900
Weapon	15031000
Weapon	15031100
Weapon	15031200
Weapon	15031300
Weapon	15031400
Weapon	15031500
Weapon	15031600
Weapon	15031700
Weapon	15031800
Weapon	15031900
Weapon	15032000
Weapon	15032100
Weapon	15040000
Weapon	15050000
Weapon	15050100
Weapon	15050200
Weapon	15050300
Weapon	15050400
Weapon	15050500
Weapon	15050600
Weapon	15050700
Weapon	15050800
Weapon	15050900
Weapon	15051000
Weapon	15051100
Weapon	15051200
Weapon	15051300
Weapon	15051400
Weapon	15051500
Weapon	15051600
Weapon	15051700
Weapon	15051800
Weapon	15051900
Weapon	15052000
Weapon	15052100
Weapon	15060000
Weapon	15060100
Weapon	15060200
Weapon	15060300
Weapon	15060400
Weapon	15060500
Weapon	15060600
Weapon	15060700
Weapon	15060800
Weapon	15060900
Weapon	15061000
Weapon	15061100
Weapon	15061200
Weapon	15061300
Weapon	15061400
Weapon	15061500
Weapon	15061600
Weapon	15061700
Weapon	15061800
Weapon	15061900
Weapon	15062000
Weapon	15062100
Weapon	15080000
Weapon	15080100
Weapon	15080200
Weapon	15080300
Weapon	15080400
Weapon	15080500
Weapon	15080600
Weapon	15080700
Weapon	15080800
Weapon	15080900
Weapon	15081000
Weapon	15081100
Weapon	15081200
Weapon	15081300
Weapon	15081400
Weapon	15081500
Weapon	15081600
Weapon	15081700
Weapon	15081800
Weapon	15081900
Weapon	15082000
Weapon	15082100
Weapon	15090000
Weapon	15110000
Weapon	15120000
Weapon	15120100
Weapon	15120200
Weapon	15120300
Weapon	15120400
Weapon	15120500
Weapon	15120600
Weapon	15120700
Weapon	15120800
Weapon	15120900
Weapon	15121000
Weapon	15121100
Weapon	15121200
Weapon	15121300
Weapon	15121400
Weapon	15121500
Weapon	15121600
Weapon	15121700
Weapon	15121800
Weapon	15121900
Weapon	15122000
Weapon	15122100
Weapon	15130000
Weapon	15130100
Weapon	15130200
Weapon	15130300
Weapon	15130400
Weapon	15130500
Weapon	15130600
Weapon	15130700
Weapon	15130800
Weapon	15130900
Weapon	15131000
Weapon	15131100
Weapon	15131200
Weapon	15140000
Weapon	15500000
Weapon	15510000
Weapon	15690000
Weapon	15900000
Weapon	16000000
Weapon	16000100
Weapon	16000200
Weapon	16000300
Weapon	16000400
Weapon	16000500
Weapon	16000600
Weapon	16000700
Weapon	16000800
Weapon	16000900
Weapon	16001000
Weapon	16001100
Weapon	16001200
Weapon	16001300
Weapon	16001400
Weapon	16001500
Weapon	16001600
Weapon	16001700
Weapon	16001800
Weapon	16001900
Weapon	16002000
Weapon	16002100
Weapon	16010000
Weapon	16010100
Weapon	16010200
Weapon	16010300
Weapon	16010400
Weapon	16010500
Weapon	16010600
Weapon	16010700
Weapon	16010800
Weapon	16010900
Weapon	16011000
Weapon	16011100
Weapon	16011200
Weapon	16011300
Weapon	16011400
Weapon	16011500
Weapon	16011600
Weapon	16011700
Weapon	16011800
Weapon	16011900
Weapon	16012000
Weapon	16012100
Weapon	16020000
Weapon	16030000
Weapon	16030100
Weapon	16030200
Weapon	16030300
Weapon	16030400
Weapon	16030500
Weapon	16030600
Weapon	16030700
Weapon	16030800
Weapon	16030900
Weapon	16031000
Weapon	16031100
Weapon	16031200
Weapon	16040000
Weapon	16050000
Weapon	16050100
Weapon	16050200
Weapon	16050300
Weapon	16050400
Weapon	16050500
Weapon	16050600
Weapon	16050700
Weapon	16050800
Weapon	16050900
Weapon	16051000
Weapon	16051100
Weapon	16051200
Weapon	16051300
Weapon	16051400
Weapon	16051500
Weapon	16051600
Weapon	16051700
Weapon	16051800
Weapon	16051900
Weapon	16052000
Weapon	16052100
Weapon	16060000
Weapon	16060100
Weapon	16060200
Weapon	16060300
Weapon	16060400
Weapon	16060500
Weapon	16060600
Weapon	16060700
Weapon	16060800
Weapon	16060900
Weapon	16061000
Weapon	16061100
Weapon	16061200
Weapon	16070000
Weapon	16070100
Weapon	16070200
Weapon	16070300
Weapon	16070400
Weapon	16070500
Weapon	16070600
Weapon	16070700
Weapon	16070800
Weapon	16070900
Weapon	16071000
Weapon	16071100
Weapon	16071200
Weapon	16071300
Weapon	16071400
Weapon	16071500
Weapon	16071600
Weapon	16071700
Weapon	16071800
Weapon	16071900
Weapon	16072000
Weapon	16072100
Weapon	16080000
Weapon	16090000
Weapon	16100000
Weapon	16110000
Weapon	16110100
Weapon	16110200
Weapon	16110300
Weapon	16110400
Weapon	16110500
Weapon	16110600
Weapon	16110700
Weapon	16110800
Weapon	16110900
Weapon	16111000
Weapon	16111100
Weapon	16111200
Weapon	16111300
Weapon	16111400
Weapon	16111500
Weapon	16111600
Weapon	16111700
Weapon	16111800
Weapon	16111900
Weapon	16112000
Weapon	16112100
Weapon	16120000
Weapon	16130000
Weapon	16140000
Weapon	16140100
Weapon	16140200
Weapon	16140300
Weapon	16140400
Weapon	16140500
Weapon	16140600
Weapon	16140700
Weapon	16140800
Weapon	16140900
Weapon	16141000
Weapon	16141100
Weapon	16141200
Weapon	16141300
Weapon	16141400
Weapon	16141500
Weapon	16141600
Weapon	16141700
Weapon	16141800
Weapon	16141900
Weapon	16142000
Weapon	16142100
Weapon	16150000
Weapon	16150100
Weapon	16150200
Weapon	16150300
Weapon	16150400
Weapon	16150500
Weapon	16150600
Weapon	16150700
Weapon	16150800
Weapon	16150900
Weapon	16151000
Weapon	16151100
Weapon	16151200
Weapon	16151300
Weapon	16151400
Weapon	16151500
Weapon	16151600
Weapon	16151700
Weapon	16151800
Weapon	16151900
Weapon	16152000
Weapon	16152100
Weapon	16160000
Weapon	16170000
Weapon	16180000
Weapon	16500000
Weapon	16500100
Weapon	16500200
Weapon	16500300
Weapon	16500400
Weapon	16500500
Weapon	16500600
Weapon	16500700
Weapon	16500800
Weapon	16500900
Weapon	16501000
Weapon	16501100
Weapon	16501200
Weapon	16501300
Weapon	16501400
Weapon	16501500
Weapon	16501600
Weapon	16501700
Weapon	16501800
Weapon	16501900
Weapon	16502000
Weapon	16502100
Weapon	16520000
Weapon	16520100
Weapon	16520200
Weapon	16520300
Weapon	16520400
Weapon	16520500
Weapon	16520600
Weapon	16520700
Weapon	16520800
Weapon	16520900
Weapon	16521000
Weapon	16521100
Weapon	16521200
Weapon	16540000
Weapon	16540100
Weapon	16540200
Weapon	16540300
Weapon	16540400
Weapon	16540500
Weapon	16540600
Weapon	16540700
Weapon	16540800
Weapon	16540900
Weapon	16541000
Weapon	16541100
Weapon	16541200
Weapon	16550000
Weapon	16560000
Weapon	16560100
Weapon	16560200
Weapon	16560300
Weapon	16560400
Weapon	16560500
Weapon	16560600
Weapon	16560700
Weapon	16560800
Weapon	16560900
Weapon	16561000
Weapon	16561100
Weapon	16561200
Weapon	16561300
Weapon	16561400
Weapon	16561500
Weapon	16561600
Weapon	16561700
Weapon	16561800
Weapon	16561900
Weapon	16562000
Weapon	16562100
Weapon	17010000
Weapon	17020000
Weapon	17030000
Weapon	17050000
Weapon	17060000
Weapon	17060100
Weapon	17060200
Weapon	17060300
Weapon	17060400
Weapon	17060500
Weapon	17060600
Weapon	17060700
Weapon	17060800
Weapon	17060900
Weapon	17061000
Weapon	17061100
Weapon	17061200
Weapon	17061300
Weapon	17061400
Weapon	17061500
Weapon	17061600
Weapon	17061700
Weapon	17061800
Weapon	17061900
Weapon	17062000
Weapon	17062100
Weapon	17070000
Weapon	17070100
Weapon	17070200
Weapon	17070300
Weapon	17070400
Weapon	17070500
Weapon	17070600
Weapon	17070700
Weapon	17070800
Weapon	17070900
Weapon	17071000
Weapon	17071100
Weapon	17071200
Weapon	17080000
Weapon	17090000
Weapon	17500000
Weapon	17510000
Weapon	17510100
Weapon	17510200
Weapon	17510300
Weapon	17510400
Weapon	17510500
Weapon	17510600
Weapon	17510700
Weapon	17510800
Weapon	17510900
Weapon	17511000
Weapon	17511100
Weapon	17511200
Weapon	17511300
Weapon	17511400
Weapon	17511500
Weapon	17511600
Weapon	17511700
Weapon	17511800
Weapon	17511900
Weapon	17512000
Weapon	17512100
Weapon	17520000
Weapon	17900000
Weapon	17910000
Weapon	18000000
Weapon	18000100
Weapon	18000200
Weapon	18000300
Weapon	18000400
Weapon	18000500
Weapon	18000600
Weapon	18000700
Weapon	18000800
Weapon	18000900
Weapon	18001000
Weapon	18001100
Weapon	18001200
Weapon	18001300
Weapon	18001400
Weapon	18001500
Weapon	18001600
Weapon	18001700
Weapon	18001800
Weapon	18001900
Weapon	18002000
Weapon	18002100
Weapon	18010000
Weapon	18010100
Weapon	18010200
Weapon	18010300
Weapon	18010400
Weapon	18010500
Weapon	18010600
Weapon	18010700
Weapon	18010800
Weapon	18010900
Weapon	18011000
Weapon	18011100
Weapon	18011200
Weapon	18020000
Weapon	18020100
Weapon	18020200
Weapon	18020300
Weapon	18020400
Weapon	18020500
Weapon	18020600
Weapon	18020700
Weapon	18020800
Weapon	18020900
Weapon	18021000
Weapon	18021100
Weapon	18021200
Weapon	18021300
Weapon	18021400
Weapon	18021500
Weapon	18021600
Weapon	18021700
Weapon	18021800
Weapon	18021900
Weapon	18022000
Weapon	18022100
Weapon	18030000
Weapon	18030100
Weapon	18030200
Weapon	18030300
Weapon	18030400
Weapon	18030500
Weapon	18030600
Weapon	18030700
Weapon	18030800
Weapon	18030900
Weapon	18031000
Weapon	18031100
Weapon	18031200
Weapon	18031300
Weapon	18031400
Weapon	18031500
Weapon	18031600
Weapon	18031700
Weapon	18031800
Weapon	18031900
Weapon	18032000
Weapon	18032100
Weapon	18040000
Weapon	18050000
Weapon	18050100
Weapon	18050200
Weapon	18050300
Weapon	18050400
Weapon	18050500
Weapon	18050600
Weapon	18050700
Weapon	18050800
Weapon	18050900
Weapon	18051000
Weapon	18051100
Weapon	18051200
Weapon	18051300
Weapon	18051400
Weapon	18051500
Weapon	18051600
Weapon	18051700
Weapon	18051800
Weapon	18051900
Weapon	18052000
Weapon	18052100
Weapon	18060000
Weapon	18070000
Weapon	18070100
Weapon	18070200
Weapon	18070300
Weapon	18070400
Weapon	18070500
Weapon	18070600
Weapon	18070700
Weapon	18070800
Weapon	18070900
Weapon	18071000
Weapon	18071100
Weapon	18071200
Weapon	18080000
Weapon	18090000
Weapon	18090100
Weapon	18090200
Weapon	18090300
Weapon	18090400
Weapon	18090500
Weapon	18090600
Weapon	18090700
Weapon	18090800
Weapon	18090900
Weapon	18091000
Weapon	18091100
Weapon	18091200
Weapon	18091300
Weapon	18091400
Weapon	18091500
Weapon	18091600
Weapon	18091700
Weapon	18091800
Weapon	18091900
Weapon	18092000
Weapon	18092100
Weapon	18100000
Weapon	18110000
Weapon	18110100
Weapon	18110200
Weapon	18110300
Weapon	18110400
Weapon	18110500
Weapon	18110600
Weapon	18110700
Weapon	18110800
Weapon	18110900
Weapon	18111000
Weapon	18111100
Weapon	18111200
Weapon	18115000
Weapon	18120000
Weapon	18130000
Weapon	18130100
Weapon	18130200
Weapon	18130300
Weapon	18130400
Weapon	18130500
Weapon	18130600
Weapon	18130700
Weapon	18130800
Weapon	18130900
Weapon	18131000
Weapon	18131100
Weapon	18131200
Weapon	18140000
Weapon	18150000
Weapon	18150100
Weapon	18150200
Weapon	18150300
Weapon	18150400
Weapon	18150500
Weapon	18150600
Weapon	18150700
Weapon	18150800
Weapon	18150900
Weapon	18151000
Weapon	18151100
Weapon	18151200
Weapon	18160000
Weapon	18170000
Weapon	18180000
Weapon	18190000
Weapon	18200000
Weapon	18205000
Weapon	18250000
Weapon	18500000
Weapon	18510000
Weapon	18520000
Weapon	19000000
Weapon	19000100
Weapon	19000200
Weapon	19000300
Weapon	19000400
Weapon	19000500
Weapon	19000600
Weapon	19000700
Weapon	19000800
Weapon	19000900
Weapon	19001000
Weapon	19001100
Weapon	19001200
Weapon	19001300
Weapon	19001400
Weapon	19001500
Weapon	19001600
Weapon	19001700
Weapon	19001800
Weapon	19001900
Weapon	19002000
Weapon	19002100
Weapon	19010000
Weapon	19010100
Weapon	19010200
Weapon	19010300
Weapon	19010400
Weapon	19010500
Weapon	19010600
Weapon	19010700
Weapon	19010800
Weapon	19010900
Weapon	19011000
Weapon	19011100
Weapon	19011200
Weapon	19011300
Weapon	19011400
Weapon	19011500
Weapon	19011600
Weapon	19011700
Weapon	19011800
Weapon	19011900
Weapon	19012000
Weapon	19012100
Weapon	19020000
Weapon	19030000
Weapon	19040000
Weapon	19050000
Weapon	19060000
Weapon	19070000
Weapon	19500000
Weapon	19690000
Weapon	20000000
Weapon	20000100
Weapon	20000200
Weapon	20000300
Weapon	20000400
Weapon	20000500
Weapon	20000600
Weapon	20000700
Weapon	20000800
Weapon	20000900
Weapon	20001000
Weapon	20001100
Weapon	20001200
Weapon	20001300
Weapon	20001400
Weapon	20001500
Weapon	20001600
Weapon	20001700
Weapon	20001800
Weapon	20001900
Weapon	20002000
Weapon	20002100
Weapon	20020000
Weapon	20020100
Weapon	20020200
Weapon	20020300
Weapon	20020400
Weapon	20020500
Weapon	20020600
Weapon	20020700
Weapon	20020800
Weapon	20020900
Weapon	20021000
Weapon	20021100
Weapon	20021200
Weapon	20021300
Weapon	20021400
Weapon	20021500
Weapon	20021600
Weapon	20021700
Weapon	20021800
Weapon	20021900
Weapon	20022000
Weapon	20022100
Weapon	20030000
Weapon	20050000
Weapon	20050100
Weapon	20050200
Weapon	20050300
Weapon	20050400
Weapon	20050500
Weapon	20050600
Weapon	20050700
Weapon	20050800
Weapon	20050900
Weapon	20051000
Weapon	20051100
Weapon	20051200
Weapon	20060000
Weapon	20070000
Weapon	20070100
Weapon	20070200
Weapon	20070300
Weapon	20070400
Weapon	20070500
Weapon	20070600
Weapon	20070700
Weapon	20070800
Weapon	20070900
Weapon	20071000
Weapon	20071100
Weapon	20071200
Weapon	20071300
Weapon	20071400
Weapon	20071500
Weapon	20071600
Weapon	20071700
Weapon	20071800
Weapon	20071900
Weapon	20072000
Weapon	20072100
Weapon	20500000
Weapon	21000000
Weapon	21000100
Weapon	21000200
Weapon	21000300
Weapon	21000400
Weapon	21000500
Weapon	21000600
Weapon	21000700
Weapon	21000800
Weapon	21000900
Weapon	21001000
Weapon	21001100
Weapon	21001200
Weapon	21001300
Weapon	21001400
Weapon	21001500
Weapon	21001600
Weapon	21001700
Weapon	21001800
Weapon	21001900
Weapon	21002000
Weapon	21002100
Weapon	21010000
Weapon	21010100
Weapon	21010200
Weapon	21010300
Weapon	21010400
Weapon	21010500
Weapon	21010600
Weapon	21010700
Weapon	21010800
Weapon	21010900
Weapon	21011000
Weapon	21011100
Weapon	21011200
Weapon	21011300
Weapon	21011400
Weapon	21011500
Weapon	21011600
Weapon	21011700
Weapon	21011800
Weapon	21011900
Weapon	21012000
Weapon	21012100
Weapon	21020000
Weapon	21060000
Weapon	21070000
Weapon	21070100
Weapon	21070200
Weapon	21070300
Weapon	21070400
Weapon	21070500
Weapon	21070600
Weapon	21070700
Weapon	21070800
Weapon	21070900
Weapon	21071000
Weapon	21071100
Weapon	21071200
Weapon	21071300
Weapon	21071400
Weapon	21071500
Weapon	21071600
Weapon	21071700
Weapon	21071800
Weapon	21071900
Weapon	21072000
Weapon	21072100
Weapon	21080000
Weapon	21080100
Weapon	21080200
Weapon	21080300
Weapon	21080400
Weapon	21080500
Weapon	21080600
Weapon	21080700
Weapon	21080800
Weapon	21080900
Weapon	21081000
Weapon	21081100
Weapon	21081200
Weapon	21081300
Weapon	21081400
Weapon	21081500
Weapon	21081600
Weapon	21081700
Weapon	21081800
Weapon	21081900
Weapon	21082000
Weapon	21082100
Weapon	21090000
Weapon	21100000
Weapon	21100100
Weapon	21100200
Weapon	21100300
Weapon	21100400
Weapon	21100500
Weapon	21100600
Weapon	21100700
Weapon	21100800
Weapon	21100900
Weapon	21101000
Weapon	21101100
Weapon	21101200
Weapon	21101300
Weapon	21101400
Weapon	21101500
Weapon	21101600
Weapon	21101700
Weapon	21101800
Weapon	21101900
Weapon	21102000
Weapon	21102100
Weapon	21110000
Weapon	21120000
Weapon	21130000
Weapon	21500000
Weapon	21510000
Weapon	21510100
Weapon	21510200
Weapon	21510300
Weapon	21510400
Weapon	21510500
Weapon	21510600
Weapon	21510700
Weapon	21510800
Weapon	21510900
Weapon	21511000
Weapon	21511100
Weapon	21511200
Weapon	21511300
Weapon	21511400
Weapon	21511500
Weapon	21511600
Weapon	21511700
Weapon	21511800
Weapon	21511900
Weapon	21512000
Weapon	21512100
Weapon	21520000
Weapon	21530000
Weapon	21540000
Weapon	21540100
Weapon	21540200
Weapon	21540300
Weapon	21540400
Weapon	21540500
Weapon	21540600
Weapon	21540700
Weapon	21540800
Weapon	21540900
Weapon	21541000
Weapon	21541100
Weapon	21541200
Weapon	21541300
Weapon	21541400
Weapon	21541500
Weapon	21541600
Weapon	21541700
Weapon	21541800
Weapon	21541900
Weapon	21542000
Weapon	21542100
Weapon	21550000
Weapon	21670000
Weapon	21680000
Weapon	21690000
Weapon	22000000
Weapon	22000100
Weapon	22000200
Weapon	22000300
Weapon	22000400
Weapon	22000500
Weapon	22000600
Weapon	22000700
Weapon	22000800
Weapon	22000900
Weapon	22001000
Weapon	22001100
Weapon	22001200
Weapon	22001300
Weapon	22001400
Weapon	22001500
Weapon	22001600
Weapon	22001700
Weapon	22001800
Weapon	22001900
Weapon	22002000
Weapon	22002100
Weapon	22010000
Weapon	22010100
Weapon	22010200
Weapon	22010300
Weapon	22010400
Weapon	22010500
Weapon	22010600
Weapon	22010700
Weapon	22010800
Weapon	22010900
Weapon	22011000
Weapon	22011100
Weapon	22011200
Weapon	22011300
Weapon	22011400
Weapon	22011500
Weapon	22011600
Weapon	22011700
Weapon	22011800
Weapon	22011900
Weapon	22012000
Weapon	22012100
Weapon	22020000
Weapon	22020100
Weapon	22020200
Weapon	22020300
Weapon	22020400
Weapon	22020500
Weapon	22020600
Weapon	22020700
Weapon	22020800
Weapon	22020900
Weapon	22021000
Weapon	22021100
Weapon	22021200
Weapon	22030000
Weapon	22030100
Weapon	22030200
Weapon	22030300
Weapon	22030400
Weapon	22030500
Weapon	22030600
Weapon	22030700
Weapon	22030800
Weapon	22030900
Weapon	22031000
Weapon	22031100
Weapon	22031200
Weapon	22031300
Weapon	22031400
Weapon	22031500
Weapon	22031600
Weapon	22031700
Weapon	22031800
Weapon	22031900
Weapon	22032000
Weapon	22032100
Weapon	22040000
Weapon	22050000
Weapon	22500000
Weapon	22690000
Weapon	23000000
Weapon	23000100
Weapon	23000200
Weapon	23000300
Weapon	23000400
Weapon	23000500
Weapon	23000600
Weapon	23000700
Weapon	23000800
Weapon	23000900
Weapon	23001000
Weapon	23001100
Weapon	23001200
Weapon	23010000
Weapon	23020000
Weapon	23020100
Weapon	23020200
Weapon	23020300
Weapon	23020400
Weapon	23020500
Weapon	23020600
Weapon	23020700
Weapon	23020800
Weapon	23020900
Weapon	23021000
Weapon	23021100
Weapon	23021200
Weapon	23021300
Weapon	23021400
Weapon	23021500
Weapon	23021600
Weapon	23021700
Weapon	23021800
Weapon	23021900
Weapon	23022000
Weapon	23022100
Weapon	23030000
Weapon	23040000
Weapon	23040100
Weapon	23040200
Weapon	23040300
Weapon	23040400
Weapon	23040500
Weapon	23040600
Weapon	23040700
Weapon	23040800
Weapon	23040900
Weapon	23041000
Weapon	23041100
Weapon	23041200
Weapon	23041300
Weapon	23041400
Weapon	23041500
Weapon	23041600
Weapon	23041700
Weapon	23041800
Weapon	23041900
Weapon	23042000
Weapon	23042100
Weapon	23050000
Weapon	23055000
Weapon	23060000
Weapon	23070000
Weapon	23080000
Weapon	23090000
Weapon	23100000
Weapon	23110000
Weapon	23110100
Weapon	23110200
Weapon	23110300
Weapon	23110400
Weapon	23110500
Weapon	23110600
Weapon	23110700
Weapon	23110800
Weapon	23110900
Weapon	23111000
Weapon	23111100
Weapon	23111200
Weapon	23111300
Weapon	23111400
Weapon	23111500
Weapon	23111600
Weapon	23111700
Weapon	23111800
Weapon	23111900
Weapon	23112000
Weapon	23112100
Weapon	23120000
Weapon	23120100
Weapon	23120200
Weapon	23120300
Weapon	23120400
Weapon	23120500
Weapon	23120600
Weapon	23120700
Weapon	23120800
Weapon	23120900
Weapon	23121000
Weapon	23121100
Weapon	23121200
Weapon	23121300
Weapon	23121400
Weapon	23121500
Weapon	23121600
Weapon	23121700
Weapon	23121800
Weapon	23121900
Weapon	23122000
Weapon	23122100
Weapon	23130000
Weapon	23130100
Weapon	23130200
Weapon	23130300
Weapon	23130400
Weapon	23130500
Weapon	23130600
Weapon	23130700
Weapon	23130800
Weapon	23130900
Weapon	23131000
Weapon	23131100
Weapon	23131200
Weapon	23140000
Weapon	23150000
Weapon	23150100
Weapon	23150200
Weapon	23150300
Weapon	23150400
Weapon	23150500
Weapon	23150600
Weapon	23150700
Weapon	23150800
Weapon	23150900
Weapon	23151000
Weapon	23151100
Weapon	23151200
Weapon	23160000
Weapon	23170000
Weapon	23500000
Weapon	23510000
Weapon	23520000
Weapon	23900000
Weapon	23910000
Weapon	23920000
Weapon	23930000
Weapon	24000000
Weapon	24020000
Weapon	24040000
Weapon	24050000
Weapon	24060000
Weapon	24070000
Weapon	24500000
Weapon	24510000
Weapon	24590000
Weapon	30000000
Weapon	30000100
Weapon	30000200
Weapon	30000300
Weapon	30000400
Weapon	30000500
Weapon	30000600
Weapon	30000700
Weapon	30000800
Weapon	30000900
Weapon	30001000
Weapon	30001100
Weapon	30001200
Weapon	30010000
Weapon	30010100
Weapon	30010200
Weapon	30010300
Weapon	30010400
Weapon	30010500
Weapon	30010600
Weapon	30010700
Weapon	30010800
Weapon	30010900
Weapon	30011000
Weapon	30011100
Weapon	30011200
Weapon	30020000
Weapon	30020100
Weapon	30020200
Weapon	30020300
Weapon	30020400
Weapon	30020500
Weapon	30020600
Weapon	30020700
Weapon	30020800
Weapon	30020900
Weapon	30021000
Weapon	30021100
Weapon	30021200
Weapon	30030000
Weapon	30030100
Weapon	30030200
Weapon	30030300
Weapon	30030400
Weapon	30030500
Weapon	30030600
Weapon	30030700
Weapon	30030800
Weapon	30030900
Weapon	30031000
Weapon	30031100
Weapon	30031200
Weapon	30040000
Weapon	30040100
Weapon	30040200
Weapon	30040300
Weapon	30040400
Weapon	30040500
Weapon	30040600
Weapon	30040700
Weapon	30040800
Weapon	30040900
Weapon	30041000
Weapon	30041100
Weapon	30041200
Weapon	30060000
Weapon	30060100
Weapon	30060200
Weapon	30060300
Weapon	30060400
Weapon	30060500
Weapon	30060600
Weapon	30060700
Weapon	30060800
Weapon	30060900
Weapon	30061000
Weapon	30061100
Weapon	30061200
Weapon	30070000
Weapon	30070100
Weapon	30070200
Weapon	30070300
Weapon	30070400
Weapon	30070500
Weapon	30070600
Weapon	30070700
Weapon	30070800
Weapon	30070900
Weapon	30071000
Weapon	30071100
Weapon	30071200
Weapon	30080000
Weapon	30080100
Weapon	30080200
Weapon	30080300
Weapon	30080400
Weapon	30080500
Weapon	30080600
Weapon	30080700
Weapon	30080800
Weapon	30080900
Weapon	30081000
Weapon	30081100
Weapon	30081200
Weapon	30090000
Weapon	30090100
Weapon	30090200
Weapon	30090300
Weapon	30090400
Weapon	30090500
Weapon	30090600
Weapon	30090700
Weapon	30090800
Weapon	30090900
Weapon	30091000
Weapon	30091100
Weapon	30091200
Weapon	30100000
Weapon	30100100
Weapon	30100200
Weapon	30100300
Weapon	30100400
Weapon	30100500
Weapon	30100600
Weapon	30100700
Weapon	30100800
Weapon	30100900
Weapon	30101000
Weapon	30101100
Weapon	30101200
Weapon	30110000
Weapon	30110100
Weapon	30110200
Weapon	30110300
Weapon	30110400
Weapon	30110500
Weapon	30110600
Weapon	30110700
Weapon	30110800
Weapon	30110900
Weapon	30111000
Weapon	30111100
Weapon	30111200
Weapon	30120000
Weapon	30120100
Weapon	30120200
Weapon	30120300
Weapon	30120400
Weapon	30120500
Weapon	30120600
Weapon	30120700
Weapon	30120800
Weapon	30120900
Weapon	30121000
Weapon	30121100
Weapon	30121200
Weapon	30130000
Weapon	30130100
Weapon	30130200
Weapon	30130300
Weapon	30130400
Weapon	30130500
Weapon	30130600
Weapon	30130700
Weapon	30130800
Weapon	30130900
Weapon	30131000
Weapon	30131100
Weapon	30131200
Weapon	30140000
Weapon	30150000
Weapon	30160000
Weapon	30170000
Weapon	30190000
Weapon	30190100
Weapon	30190200
Weapon	30190300
Weapon	30190400
Weapon	30190500
Weapon	30190600
Weapon	30190700
Weapon	30190800
Weapon	30190900
Weapon	30191000
Weapon	30191100
Weapon	30191200
Weapon	30200000
Weapon	30300000
Weapon	30510000
Weapon	31000000
Weapon	31000100
Weapon	31000200
Weapon	31000300
Weapon	31000400
Weapon	31000500
Weapon	31000600
Weapon	31000700
Weapon	31000800
Weapon	31000900
Weapon	31001000
Weapon	31001100
Weapon	31001200
Weapon	31010000
Weapon	31010100
Weapon	31010200
Weapon	31010300
Weapon	31010400
Weapon	31010500
Weapon	31010600
Weapon	31010700
Weapon	31010800
Weapon	31010900
Weapon	31011000
Weapon	31011100
Weapon	31011200
Weapon	31020000
Weapon	31020100
Weapon	31020200
Weapon	31020300
Weapon	31020400
Weapon	31020500
Weapon	31020600
Weapon	31020700
Weapon	31020800
Weapon	31020900
Weapon	31021000
Weapon	31021100
Weapon	31021200
Weapon	31030000
Weapon	31030100
Weapon	31030200
Weapon	31030300
Weapon	31030400
Weapon	31030500
Weapon	31030600
Weapon	31030700
Weapon	31030800
Weapon	31030900
Weapon	31031000
Weapon	31031100
Weapon	31031200
Weapon	31040000
Weapon	31040100
Weapon	31040200
Weapon	31040300
Weapon	31040400
Weapon	31040500
Weapon	31040600
Weapon	31040700
Weapon	31040800
Weapon	31040900
Weapon	31041000
Weapon	31041100
Weapon	31041200
Weapon	31050000
Weapon	31050100
Weapon	31050200
Weapon	31050300
Weapon	31050400
Weapon	31050500
Weapon	31050600
Weapon	31050700
Weapon	31050800
Weapon	31050900
Weapon	31051000
Weapon	31051100
Weapon	31051200
Weapon	31060000
Weapon	31070000
Weapon	31070100
Weapon	31070200
Weapon	31070300
Weapon	31070400
Weapon	31070500
Weapon	31070600
Weapon	31070700
Weapon	31070800
Weapon	31070900
Weapon	31071000
Weapon	31071100
Weapon	31071200
Weapon	31080000
Weapon	31080100
Weapon	31080200
Weapon	31080300
Weapon	31080400
Weapon	31080500
Weapon	31080600
Weapon	31080700
Weapon	31080800
Weapon	31080900
Weapon	31081000
Weapon	31081100
Weapon	31081200
Weapon	31090000
Weapon	31090100
Weapon	31090200
Weapon	31090300
Weapon	31090400
Weapon	31090500
Weapon	31090600
Weapon	31090700
Weapon	31090800
Weapon	31090900
Weapon	31091000
Weapon	31091100
Weapon	31091200
Weapon	31100000
Weapon	31100100
Weapon	31100200
Weapon	31100300
Weapon	31100400
Weapon	31100500
Weapon	31100600
Weapon	31100700
Weapon	31100800
Weapon	31100900
Weapon	31101000
Weapon	31101100
Weapon	31101200
Weapon	31130000
Weapon	31130100
Weapon	31130200
Weapon	31130300
Weapon	31130400
Weapon	31130500
Weapon	31130600
Weapon	31130700
Weapon	31130800
Weapon	31130900
Weapon	31131000
Weapon	31131100
Weapon	31131200
Weapon	31140000
Weapon	31140100
Weapon	31140200
Weapon	31140300
Weapon	31140400
Weapon	31140500
Weapon	31140600
Weapon	31140700
Weapon	31140800
Weapon	31140900
Weapon	31141000
Weapon	31141100
Weapon	31141200
Weapon	31170000
Weapon	31170100
Weapon	31170200
Weapon	31170300
Weapon	31170400
Weapon	31170500
Weapon	31170600
Weapon	31170700
Weapon	31170800
Weapon	31170900
Weapon	31171000
Weapon	31171100
Weapon	31171200
Weapon	31180000
Weapon	31190000
Weapon	31190100
Weapon	31190200
Weapon	31190300
Weapon	31190400
Weapon	31190500
Weapon	31190600
Weapon	31190700
Weapon	31190800
Weapon	31190900
Weapon	31191000
Weapon	31191100
Weapon	31191200
Weapon	31230000
Weapon	31230100
Weapon	31230200
Weapon	31230300
Weapon	31230400
Weapon	31230500
Weapon	31230600
Weapon	31230700
Weapon	31230800
Weapon	31230900
Weapon	31231000
Weapon	31231100
Weapon	31231200
Weapon	31240000
Weapon	31240100
Weapon	31240200
Weapon	31240300
Weapon	31240400
Weapon	31240500
Weapon	31240600
Weapon	31240700
Weapon	31240800
Weapon	31240900
Weapon	31241000
Weapon	31241100
Weapon	31241200
Weapon	31250000
Weapon	31250100
Weapon	31250200
Weapon	31250300
Weapon	31250400
Weapon	31250500
Weapon	31250600
Weapon	31250700
Weapon	31250800
Weapon	31250900
Weapon	31251000
Weapon	31251100
Weapon	31251200
Weapon	31260000
Weapon	31260100
Weapon	31260200
Weapon	31260300
Weapon	31260400
Weapon	31260500
Weapon	31260600
Weapon	31260700
Weapon	31260800
Weapon	31260900
Weapon	31261000
Weapon	31261100
Weapon	31261200
Weapon	31270000
Weapon	31270100
Weapon	31270200
Weapon	31270300
Weapon	31270400
Weapon	31270500
Weapon	31270600
Weapon	31270700
Weapon	31270800
Weapon	31270900
Weapon	31271000
Weapon	31271100
Weapon	31271200
Weapon	31280000
Weapon	31280100
Weapon	31280200
Weapon	31280300
Weapon	31280400
Weapon	31280500
Weapon	31280600
Weapon	31280700
Weapon	31280800
Weapon	31280900
Weapon	31281000
Weapon	31281100
Weapon	31281200
Weapon	31290000
Weapon	31290100
Weapon	31290200
Weapon	31290300
Weapon	31290400
Weapon	31290500
Weapon	31290600
Weapon	31290700
Weapon	31290800
Weapon	31290900
Weapon	31291000
Weapon	31291100
Weapon	31291200
Weapon	31300000
Weapon	31300100
Weapon	31300200
Weapon	31300300
Weapon	31300400
Weapon	31300500
Weapon	31300600
Weapon	31300700
Weapon	31300800
Weapon	31300900
Weapon	31301000
Weapon	31301100
Weapon	31301200
Weapon	31310000
Weapon	31310100
Weapon	31310200
Weapon	31310300
Weapon	31310400
Weapon	31310500
Weapon	31310600
Weapon	31310700
Weapon	31310800
Weapon	31310900
Weapon	31311000
Weapon	31311100
Weapon	31311200
Weapon	31320000
Weapon	31320100
Weapon	31320200
Weapon	31320300
Weapon	31320400
Weapon	31320500
Weapon	31320600
Weapon	31320700
Weapon	31320800
Weapon	31320900
Weapon	31321000
Weapon	31321100
Weapon	31321200
Weapon	31330000
Weapon	31330100
Weapon	31330200
Weapon	31330300
Weapon	31330400
Weapon	31330500
Weapon	31330600
Weapon	31330700
Weapon	31330800
Weapon	31330900
Weapon	31331000
Weapon	31331100
Weapon	31331200
Weapon	31340000
Weapon	31340100
Weapon	31340200
Weapon	31340300
Weapon	31340400
Weapon	31340500
Weapon	31340600
Weapon	31340700
Weapon	31340800
Weapon	31340900
Weapon	31341000
Weapon	31341100
Weapon	31341200
Weapon	31350000
Weapon	31500000
Weapon	31500100
Weapon	31500200
Weapon	31500300
Weapon	31500400
Weapon	31500500
Weapon	31500600
Weapon	31500700
Weapon	31500800
Weapon	31500900
Weapon	31501000
Weapon	31501100
Weapon	31501200
Weapon	31510000
Weapon	31510100
Weapon	31510200
Weapon	31510300
Weapon	31510400
Weapon	31510500
Weapon	31510600
Weapon	31510700
Weapon	31510800
Weapon	31510900
Weapon	31511000
Weapon	31511100
Weapon	31511200
Weapon	31520000
Weapon	31520100
Weapon	31520200
Weapon	31520300
Weapon	31520400
Weapon	31520500
Weapon	31520600
Weapon	31520700
Weapon	31520800
Weapon	31520900
Weapon	31521000
Weapon	31521100
Weapon	31521200
Weapon	31530000
Weapon	31690000
Weapon	32000000
Weapon	32000100
Weapon	32000200
Weapon	32000300
Weapon	32000400
Weapon	32000500
Weapon	32000600
Weapon	32000700
Weapon	32000800
Weapon	32000900
Weapon	32001000
Weapon	32001100
Weapon	32001200
Weapon	32020000
Weapon	32020100
Weapon	32020200
Weapon	32020300
Weapon	32020400
Weapon	32020500
Weapon	32020600
Weapon	32020700
Weapon	32020800
Weapon	32020900
Weapon	32021000
Weapon	32021100
Weapon	32021200
Weapon	32030000
Weapon	32040000
Weapon	32050000
Weapon	32050100
Weapon	32050200
Weapon	32050300
Weapon	32050400
Weapon	32050500
Weapon	32050600
Weapon	32050700
Weapon	32050800
Weapon	32050900
Weapon	32051000
Weapon	32051100
Weapon	32051200
Weapon	32080000
Weapon	32090000
Weapon	32090100
Weapon	32090200
Weapon	32090300
Weapon	32090400
Weapon	32090500
Weapon	32090600
Weapon	32090700
Weapon	32090800
Weapon	32090900
Weapon	32091000
Weapon	32091100
Weapon	32091200
Weapon	32120000
Weapon	32130000
Weapon	32130100
Weapon	32130200
Weapon	32130300
Weapon	32130400
Weapon	32130500
Weapon	32130600
Weapon	32130700
Weapon	32130800
Weapon	32130900
Weapon	32131000
Weapon	32131100
Weapon	32131200
Weapon	32140000
Weapon	32150000
Weapon	32160000
Weapon	32170000
Weapon	32170100
Weapon	32170200
Weapon	32170300
Weapon	32170400
Weapon	32170500
Weapon	32170600
Weapon	32170700
Weapon	32170800
Weapon	32170900
Weapon	32171000
Weapon	32171100
Weapon	32171200
Weapon	32190000
Weapon	32190100
Weapon	32190200
Weapon	32190300
Weapon	32190400
Weapon	32190500
Weapon	32190600
Weapon	32190700
Weapon	32190800
Weapon	32190900
Weapon	32191000
Weapon	32191100
Weapon	32191200
Weapon	32200000
Weapon	32200100
Weapon	32200200
Weapon	32200300
Weapon	32200400
Weapon	32200500
Weapon	32200600
Weapon	32200700
Weapon	32200800
Weapon	32200900
Weapon	32201000
Weapon	32201100
Weapon	32201200
Weapon	32210000
Weapon	32210100
Weapon	32210200
Weapon	32210300
Weapon	32210400
Weapon	32210500
Weapon	32210600
Weapon	32210700
Weapon	32210800
Weapon	32210900
Weapon	32211000
Weapon	32211100
Weapon	32211200
Weapon	32220000
Weapon	32230000
Weapon	32230100
Weapon	32230200
Weapon	32230300
Weapon	32230400
Weapon	32230500
Weapon	32230600
Weapon	32230700
Weapon	32230800
Weapon	32230900
Weapon	32231000
Weapon	32231100
Weapon	32231200
Weapon	32240000
Weapon	32240100
Weapon	32240200
Weapon	32240300
Weapon	32240400
Weapon	32240500
Weapon	32240600
Weapon	32240700
Weapon	32240800
Weapon	32240900
Weapon	32241000
Weapon	32241100
Weapon	32241200
Weapon	32250000
Weapon	32250100
Weapon	32250200
Weapon	32250300
Weapon	32250400
Weapon	32250500
Weapon	32250600
Weapon	32250700
Weapon	32250800
Weapon	32250900
Weapon	32251000
Weapon	32251100
Weapon	32251200
Weapon	32260000
Weapon	32260100
Weapon	32260200
Weapon	32260300
Weapon	32260400
Weapon	32260500
Weapon	32260600
Weapon	32260700
Weapon	32260800
Weapon	32260900
Weapon	32261000
Weapon	32261100
Weapon	32261200
Weapon	32270000
Weapon	32270100
Weapon	32270200
Weapon	32270300
Weapon	32270400
Weapon	32270500
Weapon	32270600
Weapon	32270700
Weapon	32270800
Weapon	32270900
Weapon	32271000
Weapon	32271100
Weapon	32271200
Weapon	32280000
Weapon	32280100
Weapon	32280200
Weapon	32280300
Weapon	32280400
Weapon	32280500
Weapon	32280600
Weapon	32280700
Weapon	32280800
Weapon	32280900
Weapon	32281000
Weapon	32281100
Weapon	32281200
Weapon	32290000
Weapon	32290100
Weapon	32290200
Weapon	32290300
Weapon	32290400
Weapon	32290500
Weapon	32290600
Weapon	32290700
Weapon	32290800
Weapon	32290900
Weapon	32291000
Weapon	32291100
Weapon	32291200
Weapon	32300000
Weapon	32300100
Weapon	32300200
Weapon	32300300
Weapon	32300400
Weapon	32300500
Weapon	32300600
Weapon	32300700
Weapon	32300800
Weapon	32300900
Weapon	32301000
Weapon	32301100
Weapon	32301200
Weapon	32500000
Weapon	32500100
Weapon	32500200
Weapon	32500300
Weapon	32500400
Weapon	32500500
Weapon	32500600
Weapon	32500700
Weapon	32500800
Weapon	32500900
Weapon	32501000
Weapon	32501100
Weapon	32501200
Weapon	32520000
Weapon	32690000
Weapon	32900000
Weapon	32910000
Weapon	32920000
Weapon	33000000
Weapon	33040000
Weapon	33050000
Weapon	33060000
Weapon	33090000
Weapon	33120000
Weapon	33130000
Weapon	33170000
Weapon	33180000
Weapon	33190000
Weapon	33200000
Weapon	33210000
Weapon	33230000
Weapon	33240000
Weapon	33250000
Weapon	33260000
Weapon	33270000
Weapon	33280000
Weapon	33290000
Weapon	33300000
Weapon	33310000
Weapon	33320000
Weapon	33330000
Weapon	33340000
Weapon	33350000
Weapon	33510000
Weapon	33520000
Weapon	33690000
Weapon	33900000
Weapon	33910000
Weapon	33920000
Weapon	33930000
Weapon	33940000
Weapon	33950000
Weapon	33960000
Weapon	33970000
Weapon	33980000
Weapon	34000000
Weapon	34010000
Weapon	34020000
Weapon	34030000
Weapon	34040000
Weapon	34060000
Weapon	34070000
Weapon	34080000
Weapon	34090000
Weapon	34100000
Weapon	34110000
Weapon	34120000
Weapon	34130000
Weapon	34140000
Weapon	34150000
Weapon	34160000
Weapon	34170000
Weapon	34180000
Weapon	34190000
Weapon	34200000
Weapon	34500000
Weapon	34510000
Weapon	34520000
Weapon	34610000
Weapon	34620000
Weapon	34630000
Weapon	34640000
Weapon	34650000
Weapon	34660000
Weapon	34670000
Weapon	34680000
Weapon	34690000
Weapon	34900000
Weapon	34910000
Weapon	34920000
Weapon	34930000
Weapon	34940000
Weapon	34950000
Weapon	34960000
Weapon	34970000
Weapon	34980000
Weapon	34990000
Weapon	40000000
Weapon	40010000
Weapon	40020000
Weapon	40030000
Weapon	40050000
Weapon	40500000
Weapon	41000000
Weapon	41010000
Weapon	41020000
Weapon	41030000
Weapon	41040000
Weapon	41060000
Weapon	41070000
Weapon	41080000
Weapon	41090000
Weapon	41510000
Weapon	41690000
Weapon	42000000
Weapon	42010000
Weapon	42030000
Weapon	42040000
Weapon	42500000
Weapon	42690000
Weapon	43000000
Weapon	43020000
Weapon	43030000
Weapon	43050000
Weapon	43060000
Weapon	43080000
Weapon	43110000
Weapon	43500000
Weapon	43510000
Weapon	43690000
Weapon	43900000
Weapon	44000000
Weapon	44010000
Weapon	44500000
Weapon	47000000
Weapon	47010000
Weapon	50000000
Weapon	50010000
Weapon	50020000
Weapon	50030000
Weapon	50040000
Weapon	50060000
Weapon	50080000
Weapon	50090000
Weapon	50100000
Weapon	50110000
Weapon	50130000
Weapon	50140000
Weapon	50150000
Weapon	50160000
Weapon	50170000
Weapon	50180000
Weapon	50190000
Weapon	50200000
Weapon	50210000
Weapon	50220000
Weapon	50230000
Weapon	50240000
Weapon	50260000
Weapon	50270000
Weapon	50280000
Weapon	50290000
Weapon	50300000
Weapon	50310000
Weapon	50320000
Weapon	50330000
Weapon	50340000
Weapon	50350000
Weapon	50360000
Weapon	50370000
Weapon	50380000
Weapon	50390000
Weapon	50540000
Weapon	50550000
Weapon	51000000
Weapon	51010000
Weapon	51020000
Weapon	51030000
Weapon	51040000
Weapon	51050000
Weapon	51060000
Weapon	51070000
Weapon	51500000
Weapon	52000000
Weapon	52010000
Weapon	52020000
Weapon	52030000
Weapon	52040000
Weapon	52050000
Weapon	52060000
Weapon	52070000
Weapon	52080000
Weapon	52090000
Weapon	52100000
Weapon	52110000
Weapon	52120000
Weapon	52130000
Weapon	52140000
Weapon	52150000
Weapon	52160000
Weapon	52170000
Weapon	52180000
Weapon	52190000
Weapon	52200000
Weapon	52210000
Weapon	52520000
Weapon	52690000
Weapon	52900000
Weapon	52910000
Weapon	53000000
Weapon	53010000
Weapon	53020000
Weapon	53030000
Weapon	53500000
Weapon	60500000
Weapon	60500100
Weapon	60500200
Weapon	60500300
Weapon	60500400
Weapon	60500500
Weapon	60500600
Weapon	60500700
Weapon	60500800
Weapon	60500900
Weapon	60501000
Weapon	60501100
Weapon	60501200
Weapon	60501300
Weapon	60501400
Weapon	60501500
Weapon	60501600
Weapon	60501700
Weapon	60501800
Weapon	60501900
Weapon	60502000
Weapon	60502100
Weapon	60510000
Weapon	60510100
Weapon	60510200
Weapon	60510300
Weapon	60510400
Weapon	60510500
Weapon	60510600
Weapon	60510700
Weapon	60510800
Weapon	60510900
Weapon	60511000
Weapon	60511100
Weapon	60511200
Weapon	60511300
Weapon	60511400
Weapon	60511500
Weapon	60511600
Weapon	60511700
Weapon	60511800
Weapon	60511900
Weapon	60512000
Weapon	60512100
Weapon	60520000
Weapon	60530000
Weapon	60540000
Weapon	60680000
Weapon	60690000
Weapon	61500000
Weapon	61510000
Weapon	61520000
Weapon	61530000
Weapon	61540000
Weapon	61690000
Weapon	62500000
Weapon	62500100
Weapon	62500200
Weapon	62500300
Weapon	62500400
Weapon	62500500
Weapon	62500600
Weapon	62500700
Weapon	62500800
Weapon	62500900
Weapon	62501000
Weapon	62501100
Weapon	62501200
Weapon	62501300
Weapon	62501400
Weapon	62501500
Weapon	62501600
Weapon	62501700
Weapon	62501800
Weapon	62501900
Weapon	62502000
Weapon	62502100
Weapon	62510000
Weapon	62510100
Weapon	62510200
Weapon	62510300
Weapon	62510400
Weapon	62510500
Weapon	62510600
Weapon	62510700
Weapon	62510800
Weapon	62510900
Weapon	62511000
Weapon	62511100
Weapon	62511200
Weapon	63500000
Weapon	63500100
Weapon	63500200
Weapon	63500300
Weapon	63500400
Weapon	63500500
Weapon	63500600
Weapon	63500700
Weapon	63500800
Weapon	63500900
Weapon	63501000
Weapon	63501100
Weapon	63501200
Weapon	63501300
Weapon	63501400
Weapon	63501500
Weapon	63501600
Weapon	63501700
Weapon	63501800
Weapon	63501900
Weapon	63502000
Weapon	63502100
Weapon	64500000
Weapon	64500100
Weapon	64500200
Weapon	64500300
Weapon	64500400
Weapon	64500500
Weapon	64500600
Weapon	64500700
Weapon	64500800
Weapon	64500900
Weapon	64501000
Weapon	64501100
Weapon	64501200
Weapon	64501300
Weapon	64501400
Weapon	64501500
Weapon	64501600
Weapon	64501700
Weapon	64501800
Weapon	64501900
Weapon	64502000
Weapon	64502100
Weapon	64510000
Weapon	64510100
Weapon	64510200
Weapon	64510300
Weapon	64510400
Weapon	64510500
Weapon	64510600
Weapon	64510700
Weapon	64510800
Weapon	64510900
Weapon	64511000
Weapon	64511100
Weapon	64511200
Weapon	64511300
Weapon	64511400
Weapon	64511500
Weapon	64511600
Weapon	64511700
Weapon	64511800
Weapon	64511900
Weapon	64512000
Weapon	64512100
Weapon	64520000
Weapon	64530000
Weapon	64550000
Weapon	66500000
Weapon	66500100
Weapon	66500200
Weapon	66500300
Weapon	66500400
Weapon	66500500
Weapon	66500600
Weapon	66500700
Weapon	66500800
Weapon	66500900
Weapon	66501000
Weapon	66501100
Weapon	66501200
Weapon	66501300
Weapon	66501400
Weapon	66501500
Weapon	66501600
Weapon	66501700
Weapon	66501800
Weapon	66501900
Weapon	66502000
Weapon	66502100
Weapon	66510000
Weapon	66520000
Weapon	66530000
Weapon	66680000
Weapon	66690000
Weapon	67500000
Weapon	67500100
Weapon	67500200
Weapon	67500300
Weapon	67500400
Weapon	67500500
Weapon	67500600
Weapon	67500700
Weapon	67500800
Weapon	67500900
Weapon	67501000
Weapon	67501100
Weapon	67501200
Weapon	67501300
Weapon	67501400
Weapon	67501500
Weapon	67501600
Weapon	67501700
Weapon	67501800
Weapon	67501900
Weapon	67502000
Weapon	67502100
Weapon	67510000
Weapon	67520000
Weapon	67530000
Weapon	67540000
Weapon	67550000
Weapon	67690000
Weapon	67700000
Weapon	68500000
Weapon	68500100
Weapon	68500200
Weapon	68500300
Weapon	68500400
Weapon	68500500
Weapon	68500600
Weapon	68500700
Weapon	68500800
Weapon	68500900
Weapon	68501000
Weapon	68501100
Weapon	68501200
Weapon	68501300
Weapon	68501400
Weapon	68501500
Weapon	68501600
Weapon	68501700
Weapon	68501800
Weapon	68501900
Weapon	68502000
Weapon	68502100
Weapon	68510000
Weapon	68520000
Weapon	68530000
Weapon	68540000
Weapon	68550000
Weapon	68680000
Weapon	68690000
Weapon	69500000
Weapon	90000000
Weapon	90010000
Weapon	90020000
Weapon	90030000
Weapon	98990000
Weapon	99000000
Weapon	99010000
Weapon	99020000
Weapon	99030000
Weapon	99040000
Weapon	99050000
Weapon	99060000
Weapon	99999999
Protector	1000
Protector	1100
Protector	1200
Protector	1300
Protector	1400
Protector	1500
Protector	1600
Protector	1700
Protector	1800
Protector	1900
Protector	2000
Protector	2100
Protector	2200
Protector	2300
Protector	2400
Protector	2500
Protector	2600
Protector	2700
Protector	2800
Protector	2900
Protector	3000
Protector	3100
Protector	3200
Protector	3300
Protector	3400
Protector	3500
Protector	3600
Protector	3700
Protector	3800
Protector	3900
Protector	4000
Protector	4100
Protector	4200
Protector	4300
Protector	4400
Protector	4500
Protector	4600
Protector	4700
Protector	4800
Protector	4900
Protector	5000
Protector	10000
Protector	10100
Protector	10200
Protector	10300
Protector	20000
Protector	40000
Protector	40100
Protector	40200
Protector	40300
Protector	50000
Protector	50100
Protector	50200
Protector	50300
Protector	60000
Protector	60100
Protector	60200
Protector	60300
Protector	61000
Protector	61100
Protector	80000
Protector	80100
Protector	80200
Protector	80300
Protector	81100
Protector	90000
Protector	90100
Protector	90200
Protector	90300
Protector	91100
Protector	100000
Protector	100100
Protector	100200
Protector	100300
Protector	101100
Protector	120000
Protector	120100
Protector	120200
Protector	120300
Protector	121000
Protector	121100
Protector	130000
Protector	130100
Protector	130200
Protector	130300
Protector	131100
Protector	140000
Protector	140100
Protector	140200
Protector	140300
Protector	150000
Protector	150100
Protector	150200
Protector	150300
Protector	151100
Protector	160000
Protector	160100
Protector	160300
Protector	170000
Protector	170100
Protector	170200
Protector	170300
Protector	171100
Protector	180000
Protector	180100
Protector	180200
Protector	180300
Protector	181100
Protector	190000
Protector	190100
Protector	190200
Protector	190300
Protector	200000
Protector	200100
Protector	200200
Protector	200300
Protector	201000
Protector	201100
Protector	202100
Protector	210000
Protector	210100
Protector	210200
Protector	210300
Protector	211100
Protector	220000
Protector	220100
Protector	220200
Protector	220300
Protector	221100
Protector	230000
Protector	230100
Protector	230200
Protector	230300
Protector	231000
Protector	231100
Protector	240000
Protector	240100
Protector	240200
Protector	240300
Protector	241100
Protector	250000
Protector	250100
Protector	250200
Protector	250300
Protector	251100
Protector	260000
Protector	260100
Protector	260200
Protector	260300
Protector	270000
Protector	270100
Protector	270200
Protector	270300
Protector	271100
Protector	280000
Protector	280100
Protector	280200
Protector	280300
Protector	281100
Protector	290000
Protector	290100
Protector	290200
Protector	290300
Protector	291000
Protector	291100
Protector	292000
Protector	292100
Protector	293000
Protector	293100
Protector	293200
Protector	293300
Protector	294000
Protector	294100
Protector	300000
Protector	300100
Protector	300300
Protector	301000
Protector	301100
Protector	301200
Protector	301300
Protector	302000
Protector	302200
Protector	310000
Protector	310100
Protector	310300
Protector	311100
Protector	320000
Protector	320100
Protector	320200
Protector	320300
Protector	330000
Protector	330100
Protector	330200
Protector	330300
Protector	331100
Protector	340000
Protector	340100
Protector	340200
Protector	340300
Protector	341000
Protector	341100
Protector	350000
Protector	350100
Protector	350200
Protector	350300
Protector	351000
Protector	351100
Protector	351200
Protector	351300
Protector	360000
Protector	360100
Protector	360200
Protector	360300
Protector	361100
Protector	370000
Protector	370100
Protector	370300
Protector	371100
Protector	380000
Protector	380100
Protector	390000
Protector	390100
Protector	390300
Protector	401000
Protector	401100
Protector	401200
Protector	401300
Protector	420000
Protector	420100
Protector	420200
Protector	420300
Protector	421000
Protector	430000
Protector	430100
Protector	430300
Protector	440000
Protector	460000
Protector	460100
Protector	460200
Protector	460300
Protector	461100
Protector	470000
Protector	470100
Protector	470200
Protector	470300
Protector	471100
Protector	480100
Protector	481100
Protector	510000
Protector	510100
Protector	510200
Protector	510300
Protector	511000
Protector	520000
Protector	520100
Protector	520200
Protector	520300
Protector	530000
Protector	530100
Protector	530200
Protector	530300
Protector	540000
Protector	540100
Protector	540200
Protector	540300
Protector	541100
Protector	550000
Protector	550100
Protector	550200
Protector	550300
Protector	570000
Protector	570100
Protector	570200
Protector	570300
Protector	571000
Protector	571100
Protector	572100
Protector	573100
Protector	580000
Protector	580100
Protector	580200
Protector	580300
Protector	581000
Protector	581100
Protector	581200
Protector	590000
Protector	590100
Protector	590200
Protector	590300
Protector	591100
Protector	600000
Protector	600100
Protector	600200
Protector	600300
Protector	601100
Protector	610000
Protector	610100
Protector	610200
Protector	610300
Protector	611000
Protector	611100
Protector	620000
Protector	620100
Protector	620200
Protector	620300
Protector	621100
Protector	622100
Protector	630000
Protector	630100
Protector	630200
Protector	630300
Protector	631100
Protector	640000
Protector	640100
Protector	640200
Protector	640300
Protector	641100
Protector	650000
Protector	650100
Protector	650200
Protector	650300
Protector	651000
Protector	652100
Protector	660000
Protector	660100
Protector	660200
Protector	660300
Protector	661100
Protector	670000
Protector	670100
Protector	670200
Protector	670300
Protector	680000
Protector	680100
Protector	680200
Protector	680300
Protector	681000
Protector	681100
Protector	690000
Protector	690100
Protector	690200
Protector	690300
Protector	700000
Protector	700100
Protector	700200
Protector	700300
Protector	701000
Protector	702000
Protector	720000
Protector	720100
Protector	720200
Protector	720300
Protector	721100
Protector	730000
Protector	730100
Protector	730200
Protector	730300
Protector	740000
Protector	740100
Protector	740200
Protector	740300
Protector	741000
Protector	742000
Protector	743000
Protector	760000
Protector	760100
Protector	760200
Protector	760300
Protector	761100
Protector	770000
Protector	770100
Protector	770200
Protector	770300
Protector	771100
Protector	780000
Protector	780100
Protector	780200
Protector	780300
Protector	781100
Protector	790000
Protector	790100
Protector	790200
Protector	790300
Protector	791100
Protector	800000
Protector	800100
Protector	800200
Protector	800300
Protector	801000
Protector	801100
Protector	802000
Protector	802100
Protector	810000
Protector	810100
Protector	810300
Protector	811000
Protector	811100
Protector	812000
Protector	812100
Protector	820000
Protector	830000
Protector	830100
Protector	830200
Protector	830300
Protector	831000
Protector	832000
Protector	833000
Protector	834000
Protector	834100
Protector	835000
Protector	835100
Protector	835200
Protector	835300
Protector	836000
Protector	837000
Protector	837100
Protector	837200
Protector	837300
Protector	840000
Protector	840100
Protector	850000
Protector	860000
Protector	860100
Protector	860200
Protector	860300
Protector	861100
Protector	870000
Protector	870100
Protector	870200
Protector	870300
Protector	871100
Protector	872000
Protector	872100
Protector	872200
Protector	872300
Protector	873000
Protector	880000
Protector	880100
Protector	880200
Protector	880300
Protector	881000
Protector	881100
Protector	890000
Protector	890100
Protector	890200
Protector	890300
Protector	891000
Protector	892100
Protector	900000
Protector	900100
Protector	900200
Protector	900300
Protector	901100
Protector	901200
Protector	901600
Protector	902000
Protector	902100
Protector	902300
Protector	903100
Protector	904100
Protector	910000
Protector	910100
Protector	910200
Protector	910300
Protector	911000
Protector	911100
Protector	912000
Protector	912100
Protector	912200
Protector	912300
Protector	913000
Protector	920000
Protector	930000
Protector	930100
Protector	930200
Protector	930300
Protector	931100
Protector	931200
Protector	931300
Protector	940000
Protector	940100
Protector	940200
Protector	940300
Protector	941000
Protector	950000
Protector	950100
Protector	950200
Protector	950300
Protector	951100
Protector	960000
Protector	960100
Protector	960200
Protector	960300
Protector	961000
Protector	961100
Protector	961110
Protector	962100
Protector	963000
Protector	963100
Protector	963200
Protector	964000
Protector	964100
Protector	964200
Protector	964300
Protector	965000
Protector	965100
Protector	965300
Protector	966000
Protector	967000
Protector	968100
Protector	970000
Protector	970100
Protector	970200
Protector	970300
Protector	980000
Protector	980100
Protector	980200
Protector	980300
Protector	981100
Protector	990000
Protector	990100
Protector	990200
Protector	990300
Protector	991100
Protector	992000
Protector	1000000
Protector	1000100
Protector	1000200
Protector	1000300
Protector	1010000
Protector	1010100
Protector	1010200
Protector	1010300
Protector	1011100
Protector	1020100
Protector	1020200
Protector	1020300
Protector	1030000
Protector	1030100
Protector	1040000
Protector	1040100
Protector	1040200
Protector	1040300
Protector	1050100
Protector	1060000
Protector	1060100
Protector	1070000
Protector	1070100
Protector	1070200
Protector	1070300
Protector	1080000
Protector	1081000
Protector	1082000
Protector	1083000
Protector	1084000
Protector	1085000
Protector	1090000
Protector	1100000
Protector	1100100
Protector	1100200
Protector	1100300
Protector	1101000
Protector	1101100
Protector	1102100
Protector	1110000
Protector	1120000
Protector	1130000
Protector	1130100
Protector	1130200
Protector	1130300
Protector	1140000
Protector	1140100
Protector	1140200
Protector	1140300
Protector	1150000
Protector	1150100
Protector	1150200
Protector	1150300
Protector	1160000
Protector	1160100
Protector	1160200
Protector	1160300
Protector	1161000
Protector	1170000
Protector	1170100
Protector	1170200
Protector	1170300
Protector	1180000
Protector	1180100
Protector	1180200
Protector	1180300
Protector	1190000
Protector	1190100
Protector	1190200
Protector	1190300
Protector	1200000
Protector	1200100
Protector	1200200
Protector	1200300
Protector	1210000
Protector	1210100
Protector	1210200
Protector	1210300
Protector	1220000
Protector	1220100
Protector	1220200
Protector	1220300
Protector	1230000
Protector	1230100
Protector	1230200
Protector	1230300
Protector	1240000
Protector	1240100
Protector	1240200
Protector	1240300
Protector	1250000
Protector	1250100
Protector	1250200
Protector	1250300
Protector	1260000
Protector	1260100
Protector	1260200
Protector	1260300
Protector	1300000
Protector	1301000
Protector	1310000
Protector	1310100
Protector	1310200
Protector	1310300
Protector	1320000
Protector	1320100
Protector	1320200
Protector	1320300
Protector	1330000
Protector	1330100
Protector	1330200
Protector	1330300
Protector	1340000
Protector	1340100
Protector	1340200
Protector	1340300
Protector	1350000
Protector	1350100
Protector	1350200
Protector	1350300
Protector	1360000
Protector	1360100
Protector	1360200
Protector	1360300
Protector	1370000
Protector	1370100
Protector	1370200
Protector	1370300
Protector	1400000
Protector	1400100
Protector	1400200
Protector	1400300
Protector	1401000
Protector	1500000
Protector	1500100
Protector	1500200
Protector	1500300
Protector	1600000
Protector	1610000
Protector	1700000
Protector	1700100
Protector	1700200
Protector	1700300
Protector	1710000
Protector	1710100
Protector	1710200
Protector	1710300
Protector	1720000
Protector	1720100
Protector	1720200
Protector	1720300
Protector	1730000
Protector	1730100
Protector	1730200
Protector	1730300
Protector	1740100
Protector	1740200
Protector	1740300
Protector	1750000
Protector	1750100
Protector	1750200
Protector	1750300
Protector	1760000
Protector	1760100
Protector	1760200
Protector	1760300
Protector	1761100
Protector	1770000
Protector	1770100
Protector	1770200
Protector	1770300
Protector	1771100
Protector	1780000
Protector	1780100
Protector	1780200
Protector	1780300
Protector	1781100
Protector	1790000
Protector	1790100
Protector	1790200
Protector	1790300
Protector	1791100
Protector	1800000
Protector	1800100
Protector	1800200
Protector	1800300
Protector	1801100
Protector	1810000
Protector	1810100
Protector	1810200
Protector	1810300
Protector	1811100
Protector	1820000
Protector	1820100
Protector	1820200
Protector	1820300
Protector	1821100
Protector	1830000
Protector	1830100
Protector	1830200
Protector	1830300
Protector	1840000
Protector	1840100
Protector	1850000
Protector	1850100
Protector	1860000
Protector	1860100
Protector	1870100
Protector	1880000
Protector	1880100
Protector	1890000
Protector	1890100
Protector	1890200
Protector	1890300
Protector	1900000
Protector	1901000
Protector	1902000
Protector	1910000
Protector	1920000
Protector	1930100
Protector	1930300
Protector	1932100
Protector	1940000
Protector	1940100
Protector	1940200
Protector	1940300
Protector	1941100
Protector	1950000
Protector	1950100
Protector	1950200
Protector	1950300
Protector	1960100
Protector	1960200
Protector	1970100
Protector	1970200
Protector	1971100
Protector	1971200
Protector	1980000
Protector	1980100
Protector	1980200
Protector	1990000
Protector	1990100
Protector	1990200
Protector	1990300
Protector	1991100
Protector	2000000
Protector	2000100
Protector	2000200
Protector	2000300
Protector	2001100
Protector	2010000
Protector	2020000
Protector	2030000
Protector	3000000
Protector	3000100
Protector	3000200
Protector	3000300
Protector	3001100
Protector	3010000
Protector	3010100
Protector	3010200
Protector	3010300
Protector	3020000
Protector	3020100
Protector	3020200
Protector	3020300
Protector	5000000
Protector	5000100
Protector	5000200
Protector	5000300
Protector	5002100
Protector	5010000
Protector	5010100
Protector	5010200
Protector	5010300
Protector	5020000
Protector	5020100
Protector	5020200
Protector	5020300
Protector	5021000
Protector	5030000
Protector	5030100
Protector	5030200
Protector	5030300
Protector	5031100
Protector	5032100
Protector	5040000
Protector	5040100
Protector	5040200
Protector	5040300
Protector	5050000
Protector	5050100
Protector	5050200
Protector	5050300
Protector	5060000
Protector	5060100
Protector	5060200
Protector	5060300
Protector	5062100
Protector	5070000
Protector	5070100
Protector	5070200
Protector	5070300
Protector	5080000
Protector	5080100
Protector	5080200
Protector	5080300
Protector	5081100
Protector	5090000
Protector	5090100
Protector	5090200
Protector	5090300
Protector	5100000
Protector	5100100
Protector	5100200
Protector	5100300
Protector	5101000
Protector	5101100
Protector	5102100
Protector	5102200
Protector	5102300
Protector	5110000
Protector	5110100
Protector	5110200
Protector	5110300
Protector	5111100
Protector	5120000
Protector	5120100
Protector	5120200
Protector	5120300
Protector	5121100
Protector	5122000
Protector	5130000
Protector	5130100
Protector	5130200
Protector	5130300
Protector	5131100
Protector	5140000
Protector	5140100
Protector	5140200
Protector	5140300
Protector	5141100
Protector	5150000
Protector	5150100
Protector	5150200
Protector	5150300
Protector	5160000
Protector	5160100
Protector	5160200
Protector	5160300
Protector	5170000
Protector	5170100
Protector	5170200
Protector	5170300
Protector	5172000
Protector	5172100
Protector	5172200
Protector	5172300
Protector	5180000
Protector	5180100
Protector	5180200
Protector	5180300
Protector	5181100
Protector	5182000
Protector	5183000
Protector	5184000
Protector	5190000
Protector	5190100
Protector	5190200
Protector	5190300
Protector	5191000
Protector	5191100
Protector	5200000
Protector	5200100
Protector	5200200
Protector	5200300
Protector	5210000
Protector	5210100
Protector	5210200
Protector	5210300
Protector	5220000
Protector	5220100
Protector	5220200
Protector	5220300
Protector	5221000
Protector	5230000
Protector	5230100
Protector	5230200
Protector	5230300
Protector	5231100
Protector	5240000
Protector	5240100
Protector	5240200
Protector	5240300
Protector	5250000
Protector	5250100
Protector	5250200
Protector	5250300
Protector	5252000
Protector	5252100
Protector	5252200
Protector	5252300
Protector	5253000
Protector	5253100
Protector	5253200
Protector	5253300
Protector	5260000
Protector	5260100
Protector	5260200
Protector	5260300
Protector	5270000
Protector	5270100
Protector	5270200
Protector	5270300
Protector	5271100
Protector	5272000
Protector	5280000
Protector	5280100
Protector	5280200
Protector	5280300
Protector	5290000
Protector	5300000
Protector	5310000
Protector	5320000
Protector	5330000
Protector	5340000
Protector	5350000
Protector	5350100
Protector	5350200
Protector	5350300
Protector	5360000
Protector	5360100
Protector	5360200
Protector	5360300
Protector	9999999
Accessory	1000
Accessory	1001
Accessory	1002
Accessory	1010
Accessory	1011
Accessory	1012
Accessory	1020
Accessory	1021
Accessory	1022
Accessory	1030
Accessory	1031
Accessory	1032
Accessory	1040
Accessory	1041
Accessory	1042
Accessory	1050
Accessory	1051
Accessory	1060
Accessory	1061
Accessory	1062
Accessory	1063
Accessory	1064
Accessory	1070
Accessory	1071
Accessory	1072
Accessory	1073
Accessory	1080
Accessory	1081
Accessory	1082
Accessory	1090
Accessory	1091
Accessory	1095
Accessory	1100
Accessory	1110
Accessory	1140
Accessory	1150
Accessory	1160
Accessory	1161
Accessory	1170
Accessory	1171
Accessory	1180
Accessory	1181
Accessory	1190
Accessory	1191
Accessory	1200
Accessory	1201
Accessory	1210
Accessory	1220
Accessory	1221
Accessory	1230
Accessory	1231
Accessory	1250
Accessory	1260
Accessory	1270
Accessory	1280
Accessory	2000
Accessory	2010
Accessory	2011
Accessory	2012
Accessory	2013
Accessory	2020
Accessory	2021
Accessory	2022
Accessory	2023
Accessory	2030
Accessory	2031
Accessory	2040
Accessory	2050
Accessory	2060
Accessory	2070
Accessory	2080
Accessory	2081
Accessory	2090
Accessory	2100
Accessory	2110
Accessory	2120
Accessory	2130
Accessory	2140
Accessory	2150
Accessory	2160
Accessory	2170
Accessory	2180
Accessory	2190
Accessory	2200
Accessory	2210
Accessory	2220
Accessory	3000
Accessory	3001
Accessory	3002
Accessory	3010
Accessory	3020
Accessory	3030
Accessory	3040
Accessory	3050
Accessory	3060
Accessory	3070
Accessory	3080
Accessory	3090
Accessory	4000
Accessory	4001
Accessory	4002
Accessory	4003
Accessory	4010
Accessory	4011
Accessory	4012
Accessory	4020
Accessory	4021
Accessory	4022
Accessory	4030
Accessory	4031
Accessory	4032
Accessory	4040
Accessory	4041
Accessory	4042
Accessory	4050
Accessory	4051
Accessory	4052
Accessory	4060
Accessory	4070
Accessory	4080
Accessory	4090
Accessory	4100
Accessory	4110
Accessory	4120
Accessory	4130
Accessory	4140
Accessory	5000
Accessory	5010
Accessory	5020
Accessory	5030
Accessory	5040
Accessory	5050
Accessory	5060
Accessory	6000
Accessory	6010
Accessory	6020
Accessory	6040
Accessory	6050
Accessory	6060
Accessory	6070
Accessory	6080
Accessory	6090
Accessory	6100
Accessory	6110
Accessory	7000
Accessory	7010
Accessory	7020
Accessory	7030
Accessory	7040
Accessory	7050
Accessory	7060
Accessory	7080
Accessory	7090
Accessory	7100
Accessory	7110
Accessory	7120
Accessory	7130
Accessory	7140
Accessory	7150
Accessory	8000
Accessory	8010
Accessory	8020
Accessory	8030
Accessory	8040
Accessory	8050
Accessory	8060
Accessory	8070
Accessory	8090
Accessory	8100
Accessory	8110
Accessory	8120
Accessory	8130
Accessory	8140
Accessory	8150
Accessory	8160
Accessory	8170
Accessory	8180
Accessory	8190
Accessory	8200
Accessory	8210
Accessory	8220
Accessory	8230
Accessory	8240
Accessory	9000
Accessory	9010
Accessory	9020
Accessory	9030
Accessory	9040
Accessory	9050
Accessory	9060
Accessory	9070
Accessory	9080
Accessory	9090
Accessory	9100
Accessory	9110
Accessory	9120
Accessory	9130
Accessory	9140
Accessory	9150
Accessory	9160
Accessory	9170
Accessory	9180
Accessory	9190
Accessory	9200
Accessory	9210
Accessory	9220
Accessory	9230
Accessory	9240
Accessory	9250
Accessory	9260
Accessory	204000
Accessory	999999999
Gem	10
Gem	20
Gem	30
Gem	40
Gem	41
Gem	80
Gem	81
Gem	82
Gem	83
Gem	84
Gem	85
Gem	86
Gem	87
Gem	88
Gem	89
Gem	90
Gem	100
Gem	101
Gem	102
Gem	103
Gem	104
Gem	105
Gem	106
Gem	107
Gem	108
Gem	109
Gem	110
Gem	111
Gem	112
Gem	113
Gem	114
Gem	115
Gem	116
Gem	117
Gem	118
Gem	119
Gem	120
Gem	121
Gem	122
Gem	123
Gem	124
Gem	125
Gem	126
Gem	127
Gem	128
Gem	129
Gem	130
Gem	131
Gem	132
Gem	133
Gem	134
Gem	135
Gem	136
Gem	137
Gem	138
Gem	139
Gem	140
Gem	141
Gem	142
Gem	143
Gem	144
Gem	146
Gem	147
Gem	148
Gem	149
Gem	151
Gem	152
Gem	153
Gem	154
Gem	155
Gem	156
Gem	157
Gem	158
Gem	159
Gem	160
Gem	161
Gem	163
Gem	164
Gem	165
Gem	166
Gem	167
Gem	168
Gem	169
Gem	170
Gem	171
Gem	173
Gem	174
Gem	175
Gem	176
Gem	177
Gem	178
Gem	179
Gem	180
Gem	181
Gem	182
Gem	183
Gem	184
Gem	185
Gem	186
Gem	187
Gem	190
Gem	191
Gem	192
Gem	194
Gem	195
Gem	196
Gem	197
Gem	198
Gem	1000
Gem	1001
Gem	1002
Gem	1003
Gem	1004
Gem	1005
Gem	1006
Gem	1007
Gem	1008
Gem	1009
Gem	1010
Gem	1011
Gem	1012
Gem	1013
Gem	1014
Gem	1015
Gem	1016
Gem	1017
Gem	10000
Gem	10100
Gem	10200
Gem	10300
Gem	10500
Gem	10600
Gem	10700
Gem	10800
Gem	10900
Gem	11000
Gem	11100
Gem	11200
Gem	11300
Gem	11400
Gem	11500
Gem	11600
Gem	11800
Gem	11900
Gem	12000
Gem	12200
Gem	12300
Gem	12400
Gem	12500
Gem	20000
Gem	20100
Gem	20200
Gem	20300
Gem	20400
Gem	20500
Gem	20700
Gem	20800
Gem	20900
Gem	21000
Gem	21200
Gem	21300
Gem	21400
Gem	21600
Gem	21700
Gem	21800
Gem	21900
Gem	22000
Gem	22100
Gem	22200
Gem	22400
Gem	22500
Gem	22600
Gem	22700
Gem	22800
Gem	30000
Gem	30100
Gem	30200
Gem	30500
Gem	30600
Gem	30700
Gem	30800
Gem	30900
Gem	31000
Gem	40000
Gem	40100
Gem	40200
Gem	40400
Gem	40500
Gem	40600
Gem	40700
Gem	50100
Gem	50200
Gem	50300
Gem	50400
Gem	50500
Gem	50600
Gem	50700
Gem	50800
Gem	50900
Gem	60000
Gem	60100
Gem	60200
Gem	60300
Gem	60400
Gem	60500
Gem	60600
Gem	60700
Gem	60800
Gem	65000
Gem	65100
Gem	65200
Gem	65300
Gem	65400
Gem	70000
Gem	70100
Gem	70200
Gem	80000
Gem	80100
Gem	80200
Gem	80300
Gem	80400
Gem	80500
Gem	85000
Gem	200000
Gem	200100
Gem	400000
Gem	401000
Gem	402000
Gem	403000
Gem	404000
Gem	405000
Gem	406000
Gem	407000
Gem	409000
Gem	410000
Gem	411000
Gem	412000
Gem	413000
Gem	414000
Gem	415000
Gem	416000
Gem	417000
Gem	418000
Gem	419000
Gem	422000
Gem	505000
Gem	548000
Gem	800000
