1000	DLC dummy
1100	[ERROR]
1200	[ERROR]
1210	[ERROR]
1220	[ERROR]
1230	[ERROR]
1240	[ERROR]
1250	[ERROR]
1260	[ERROR]
1400	[ERROR]
1410	[ERROR]
1420	[ERROR]
1430	[ERROR]
1500	[ERROR]
1600	[ERROR]
1700	[ERROR]
1800	[ERROR]
1900	[ERROR]
2000	[ERROR]
2100	[ERROR]
2200	[ERROR]
11000	[ERROR]
12000	[ERROR]
13000	[ERROR]
100000	[ERROR]
100100	[ERROR]
100200	[ERROR]
100300	[ERROR]
100400	[ERROR]
100500	[ERROR]
100600	[ERROR]
100700	[ERROR]
100800	[ERROR]
100900	[ERROR]
101000	[ERROR]
110000	Unarmed
1000000	Dagger
1000100	Heavy Dagger
1000200	Keen Dagger
1000300	Quality Dagger
1000400	Glint Dagger
1000500	Dragonkin Dagger
1000600	Gravity Dagger
1000700	Flame Dagger
1000800	Golden Dagger
1000900	Draconic Dagger
1001000	Bestial Dagger
1001100	Night Dagger
1001200	Lava Dagger
1001300	Frenzy Dagger
1001400	Death Dagger
1001500	Godslayer Dagger
1001600	Frost Dagger
1001700	Aberrant Dagger
1001800	Bloodflame Dagger
1001900	Rotten Dagger
1002000	Storm Dagger
1002100	Mystic Dagger
1010000	Black Knife
1020000	Parrying Dagger
1020100	Heavy Parrying Dagger
1020200	Keen Parrying Dagger
1020300	Quality Parrying Dagger
1020400	Glint Parrying Dagger
1020500	Dragonkin Parrying Dagger
1020600	Gravity Parrying Dagger
1020700	Flame Parrying Dagger
1020800	Golden Parrying Dagger
1020900	Draconic Parrying Dagger
1021000	Bestial Parrying Dagger
1021100	Night Parrying Dagger
1021200	Lava Parrying Dagger
1021300	Frenzy Parrying Dagger
1021400	Death Parrying Dagger
1021500	Godslayer Parrying Dagger
1021600	Frost Parrying Dagger
1021700	Aberrant Parrying Dagger
1021800	Bloodflame Parrying Dagger
1021900	Rotten Parrying Dagger
1022000	Storm Parrying Dagger
1022100	Mystic Parrying Dagger
1030000	Miséricorde
1030100	Heavy Miséricorde
1030200	Keen Miséricorde
1030300	Quality Miséricorde
1030400	Glint Miséricorde
1030500	Dragonkin Miséricorde
1030600	Gravity Miséricorde
1030700	Flame Miséricorde
1030800	Golden Miséricorde
1030900	Draconic Miséricorde
1031000	Bestial Miséricorde
1031100	Night Miséricorde
1031200	Lava Miséricorde
1031300	Frenzy Miséricorde
1031400	Death Miséricorde
1031500	Godslayer Miséricorde
1031600	Frost Miséricorde
1031700	Aberrant Miséricorde
1031800	Bloodflame Miséricorde
1031900	Rotten Miséricorde
1032000	Storm Miséricorde
1032100	Mystic Miséricorde
1040000	Reduvia
1050000	Underworld Dagger
1060000	Celebrant's Sickle
1060100	Celebrant's Heavy Sickle
1060200	Celebrant's Keen Sickle
1060300	Celebrant's Quality Sickle
1060400	Celebrant's Glint Sickle
1060500	Celebrant's Dragonkin Sickle
1060600	Celebrant's Gravity Sickle
1060700	Celebrant's Flame Sickle
1060800	Celebrant's Golden Sickle
1060900	Celebrant's Draconic Sickle
1061000	Celebrant's Bestial Sickle
1061100	Celebrant's Night Sickle
1061200	Celebrant's Lava Sickle
1061300	Celebrant's Frenzy Sickle
1061400	Celebrant's Death Sickle
1061500	Celebrant's Godslayer Sickle
1061600	Celebrant's Frost Sickle
1061700	Celebrant's Aberrant Sickle
1061800	Celebrant's Bloodflame Sickle
1061900	Celebrant's Rotten Sickle
1062000	Celebrant's Storm Sickle
1062100	Celebrant's Mystic Sickle
1070000	Glintstone Kris
1080000	Scorpion's Stinger
1090000	Great Knife
1090100	Heavy Great Knife
1090200	Keen Great Knife
1090300	Quality Great Knife
1090400	Glint Great Knife
1090500	Dragonkin Great Knife
1090600	Gravity Great Knife
1090700	Flame Great Knife
1090800	Golden Great Knife
1090900	Draconic Great Knife
1091000	Bestial Great Knife
1091100	Night Great Knife
1091200	Lava Great Knife
1091300	Frenzy Great Knife
1091400	Death Great Knife
1091500	Godslayer Great Knife
1091600	Frost Great Knife
1091700	Aberrant Great Knife
1091800	Bloodflame Great Knife
1091900	Rotten Great Knife
1092000	Storm Great Knife
1092100	Mystic Great Knife
1100000	Wakizashi
1100100	Heavy Wakizashi
1100200	Keen Wakizashi
1100300	Quality Wakizashi
1100400	Glint Wakizashi
1100500	Dragonkin Wakizashi
1100600	Gravity Wakizashi
1100700	Flame Wakizashi
1100800	Golden Wakizashi
1100900	Draconic Wakizashi
1101000	Bestial Wakizashi
1101100	Night Wakizashi
1101200	Lava Wakizashi
1101300	Frenzy Wakizashi
1101400	Death Wakizashi
1101500	Godslayer Wakizashi
1101600	Frost Wakizashi
1101700	Aberrant Wakizashi
1101800	Bloodflame Wakizashi
1101900	Rotten Wakizashi
1102000	Storm Wakizashi
1102100	Mystic Wakizashi
1110000	Cinquedea
1120000	Surgeon's Catling
1130000	Ivory Sickle
1140000	Bloodstained Dagger
1140100	Heavy Bloodstained Dagger
1140200	Keen Bloodstained Dagger
1140300	Quality Bloodstained Dagger
1140400	Glint Bloodstained Dagger
1140500	Dragonkin Bloodstained Dagger
1140600	Gravity Bloodstained Dagger
1140700	Flame Bloodstained Dagger
1140800	Golden Bloodstained Dagger
1140900	Draconic Bloodstained Dagger
1141000	Bestial Bloodstained Dagger
1141100	Night Bloodstained Dagger
1141200	Lava Bloodstained Dagger
1141300	Frenzy Bloodstained Dagger
1141400	Death Bloodstained Dagger
1141500	Godslayer Bloodstained Dagger
1141600	Frost Bloodstained Dagger
1141700	Aberrant Bloodstained Dagger
1141800	Bloodflame Bloodstained Dagger
1141900	Rotten Bloodstained Dagger
1142000	Storm Bloodstained Dagger
1142100	Mystic Bloodstained Dagger
1150000	Erdsteel Dagger
1150100	Heavy Erdsteel Dagger
1150200	Keen Erdsteel Dagger
1150300	Quality Erdsteel Dagger
1150400	Glint Erdsteel Dagger
1150500	Dragonkin Erdsteel Dagger
1150600	Gravity Erdsteel Dagger
1150700	Flame Erdsteel Dagger
1150800	Golden Erdsteel Dagger
1150900	Draconic Erdsteel Dagger
1151000	Bestial Erdsteel Dagger
1151100	Night Erdsteel Dagger
1151200	Lava Erdsteel Dagger
1160000	Blade of Calling
1170000	Midnight Dagger
1180000	Deathrite Dagger
1190000	[ERROR]
1200000	Blades of the Prince
1205000	Blades of the Prince
1300000	Stormcaller's Dirk
1400000	Quicksilver Fragment
1500000	Main-gauche
1500100	Heavy Main-gauche
1500200	Keen Main-gauche
1500300	Quality Main-gauche
1500400	Glint Main-gauche
1500500	Dragonkin Main-gauche
1500600	Gravity Main-gauche
1500700	Flame Main-gauche
1500800	Golden Main-gauche
1500900	Draconic Main-gauche
1501000	Bestial Main-gauche
1501100	Night Main-gauche
1501200	Lava Main-gauche
1501300	Frenzy Main-gauche
1501400	Death Main-gauche
1501500	Godslayer Main-gauche
1501600	Frost Main-gauche
1501700	Aberrant Main-gauche
1501800	Bloodflame Main-gauche
1501900	Rotten Main-gauche
1502000	Storm Main-gauche
1502100	Mystic Main-gauche
1510000	Fire Knight's Shortsword
1510100	Fire Knight's Heavy Shortsword
1510200	Fire Knight's Keen Shortsword
1510300	Fire Knight's Quality Shortsword
1510400	Fire Knight's Fire Shortsword
1510500	Fire Knight's Flame Art Shortsword
1510600	Fire Knight's Lightning Shortsword
1510700	Fire Knight's Sacred Shortsword
1510800	Fire Knight's Magic Shortsword
1510900	Fire Knight's Cold Shortsword
1511000	Fire Knight's Poison Shortsword
1511100	Fire Knight's Blood Shortsword
1511200	Fire Knight's Occult Shortsword
1910000	[ERROR]
2000000	Longsword
2000100	Heavy Longsword
2000200	Keen Longsword
2000300	Quality Longsword
2000400	Glint Longsword
2000500	Dragonkin Longsword
2000600	Gravity Longsword
2000700	Flame Longsword
2000800	Golden Longsword
2000900	Draconic Longsword
2001000	Bestial Longsword
2001100	Night Longsword
2001200	Lava Longsword
2001300	Frenzy Longsword
2001400	Death Longsword
2001500	Godslayer Longsword
2001600	Frost Longsword
2001700	Aberrant Longsword
2001800	Bloodflame Longsword
2001900	Rotten Longsword
2002000	Storm Longsword
2002100	Mystic Longsword
2010000	Short Sword
2010100	Heavy Short Sword
2010200	Keen Short Sword
2010300	Quality Short Sword
2010400	Glint Short Sword
2010500	Dragonkin Short Sword
2010600	Gravity Short Sword
2010700	Flame Short Sword
2010800	Golden Short Sword
2010900	Draconic Short Sword
2011000	Bestial Short Sword
2011100	Night Short Sword
2011200	Lava Short Sword
2011300	Frenzy Short Sword
2011400	Death Short Sword
2011500	Godslayer Short Sword
2011600	Frost Short Sword
2011700	Aberrant Short Sword
2011800	Bloodflame Short Sword
2011900	Rotten Short Sword
2012000	Storm Short Sword
2012100	Mystic Short Sword
2020000	Broadsword
2020100	Heavy Broadsword
2020200	Keen Broadsword
2020300	Quality Broadsword
2020400	Glint Broadsword
2020500	Dragonkin Broadsword
2020600	Gravity Broadsword
2020700	Flame Broadsword
2020800	Golden Broadsword
2020900	Draconic Broadsword
2021000	Bestial Broadsword
2021100	Night Broadsword
2021200	Lava Broadsword
2021300	Frenzy Broadsword
2021400	Death Broadsword
2021500	Godslayer Broadsword
2021600	Frost Broadsword
2021700	Aberrant Broadsword
2021800	Bloodflame Broadsword
2021900	Rotten Broadsword
2022000	Storm Broadsword
2022100	Mystic Broadsword
2030000	Yura's Kanabo
2040000	Lordsworn's Straight Sword
2040100	Lordsworn's Heavy Straight Sword
2040200	Lordsworn's Keen Straight Sword
2040300	Lordsworn's Quality Straight Sword
2040400	Lordsworn's Glint Straight Sword
2040500	Lordsworn's Dragonkin Straight Sword
2040600	Lordsworn's Gravity Straight Sword
2040700	Lordsworn's Flame Straight Sword
2040800	Lordsworn's Golden Straight Sword
2040900	Lordsworn's Draconic Straight Sword
2041000	Lordsworn's Bestial Straight Sword
2041100	Lordsworn's Night Straight Sword
2041200	Lordsworn's Lava Straight Sword
2041300	Lordsworn's Frenzy Straight Sword
2041400	Lordsworn's Death Straight Sword
2041500	Lordsworn's Godslayer Straight Sword
2041600	Lordsworn's Frost Straight Sword
2041700	Lordsworn's Aberrant Straight Sword
2041800	Lordsworn's Bloodflame Straight Sword
2041900	Lordsworn's Rotten Straight Sword
2042000	Lordsworn's Storm Straight Sword
2042100	Lordsworn's Mystic Straight Sword
2050000	Weathered Straight Sword
2050100	Weathered Heavy Straight Sword
2050200	Weathered Keen Straight Sword
2050300	Weathered Quality Straight Sword
2050400	Weathered Glint Straight Sword
2050500	Weathered Dragonkin Straight Sword
2050600	Weathered Gravity Straight Sword
2050700	Weathered Flame Straight Sword
2050800	Weathered Golden Straight Sword
2050900	Weathered Draconic Straight Sword
2051000	Weathered Bestial Straight Sword
2051100	Weathered Night Straight Sword
2051200	Weathered Lava Straight Sword
2051300	Weathered Frenzy Straight Sword
2051400	Weathered Death Straight Sword
2051500	Weathered Godslayer Straight Sword
2051600	Weathered Frost Straight Sword
2051700	Weathered Aberrant Straight Sword
2051800	Weathered Bloodflame Straight Sword
2051900	Weathered Rotten Straight Sword
2052000	Weathered Storm Straight Sword
2052100	Weathered Mystic Straight Sword
2060000	Ornamental Straight Sword
2070000	Draconic Epitaph
2080000	Nox Flowing Sword
2090000	Inseparable Sword
2090100	Heavy Inseparable Sword
2090200	Keen Inseparable Sword
2090300	Quality Inseparable Sword
2090400	Glint Inseparable Sword
2090500	Dragonkin Inseparable Sword
2090600	Gravity Inseparable Sword
2090700	Flame Inseparable Sword
2090800	Golden Inseparable Sword
2090900	Draconic Inseparable Sword
2091000	Bestial Inseparable Sword
2091100	Night Inseparable Sword
2091200	Lava Inseparable Sword
2110000	Coded Sword
2120000	Blade of Valor
2140000	Sword of Night and Flame
2150000	Molten Sword
2180000	Carian Knight's Sword
2190000	Sword of St. Trina
2200000	Fell Flame Sword
2210000	Cane Sword
2210100	Heavy Cane Sword
2210200	Keen Cane Sword
2210300	Quality Cane Sword
2210400	Glint Cane Sword
2210500	Dragonkin Cane Sword
2210600	Gravity Cane Sword
2210700	Flame Cane Sword
2210800	Golden Cane Sword
2210900	Draconic Cane Sword
2211000	Bestial Cane Sword
2211100	Night Cane Sword
2211200	Lava Cane Sword
2211300	Frenzy Cane Sword
2211400	Death Cane Sword
2211500	Godslayer Cane Sword
2211600	Frost Cane Sword
2211700	Aberrant Cane Sword
2211800	Bloodflame Cane Sword
2211900	Rotten Cane Sword
2212000	Storm Cane Sword
2212100	Mystic Cane Sword
2220000	Regalia of Eochaid
2230000	Noble's Slender Sword
2230100	Noble's Heavy Slender Sword
2230200	Noble's Keen Slender Sword
2230300	Noble's Quality Slender Sword
2230400	Noble's Glint Slender Sword
2230500	Noble's Dragonkin Slender Sword
2230600	Noble's Gravity Slender Sword
2230700	Noble's Flame Slender Sword
2230800	Noble's Golden Slender Sword
2230900	Noble's Draconic Slender Sword
2231000	Noble's Bestial Slender Sword
2231100	Noble's Night Slender Sword
2231200	Noble's Lava Slender Sword
2231300	Noble's Frenzy Slender Sword
2231400	Noble's Death Slender Sword
2231500	Noble's Godslayer Slender Sword
2231600	Noble's Frost Slender Sword
2231700	Noble's Aberrant Slender Sword
2231800	Noble's Bloodflame Slender Sword
2231900	Noble's Rotten Slender Sword
2232000	Noble's Storm Slender Sword
2232100	Noble's Mystic Slender Sword
2240000	Warhawk's Talon
2240100	Warhawk's Heavy Talon
2240200	Warhawk's Keen Talon
2240300	Warhawk's Quality Talon
2240400	Warhawk's Glint Talon
2240500	Warhawk's Dragonkin Talon
2240600	Warhawk's Gravity Talon
2240700	Warhawk's Flame Talon
2240800	Warhawk's Golden Talon
2240900	Warhawk's Draconic Talon
2241000	Warhawk's Bestial Talon
2241100	Warhawk's Night Talon
2241200	Warhawk's Lava Talon
2241300	Warhawk's Frenzy Talon
2241400	Warhawk's Death Talon
2241500	Warhawk's Godslayer Talon
2241600	Warhawk's Frost Talon
2241700	Warhawk's Aberrant Talon
2241800	Warhawk's Bloodflame Talon
2241900	Warhawk's Rotten Talon
2242000	Warhawk's Storm Talon
2242100	Warhawk's Mystic Talon
2250000	Dragonkin Seeker Sword
2260000	Rotten Crystal Sword
2270000	Maddening Brand
2510000	Velvet Sword of St. Trina
2520000	Star-Lined Sword
2530000	Carian Sorcery Sword
2540000	Stone-Sheathed Sword
2550000	Sword of Light
2560000	Sword of Darkness
3000000	Bastard Sword
3000100	Heavy Bastard Sword
3000200	Keen Bastard Sword
3000300	Quality Bastard Sword
3000400	Glint Bastard Sword
3000500	Dragonkin Bastard Sword
3000600	Gravity Bastard Sword
3000700	Flame Bastard Sword
3000800	Golden Bastard Sword
3000900	Draconic Bastard Sword
3001000	Bestial Bastard Sword
3001100	Night Bastard Sword
3001200	Lava Bastard Sword
3001300	Frenzy Bastard Sword
3001400	Death Bastard Sword
3001500	Godslayer Bastard Sword
3001600	Frost Bastard Sword
3001700	Aberrant Bastard Sword
3001800	Bloodflame Bastard Sword
3001900	Rotten Bastard Sword
3002000	Storm Bastard Sword
3002100	Mystic Bastard Sword
3010000	Forked Greatsword
3010100	Heavy Forked Greatsword
3010200	Keen Forked Greatsword
3010300	Quality Forked Greatsword
3010400	Glint Forked Greatsword
3010500	Dragonkin Forked Greatsword
3010600	Gravity Forked Greatsword
3010700	Flame Forked Greatsword
3010800	Golden Forked Greatsword
3010900	Draconic Forked Greatsword
3011000	Bestial Forked Greatsword
3011100	Night Forked Greatsword
3011200	Lava Forked Greatsword
3011300	Frenzy Forked Greatsword
3011400	Death Forked Greatsword
3011500	Godslayer Forked Greatsword
3011600	Frost Forked Greatsword
3011700	Aberrant Forked Greatsword
3011800	Bloodflame Forked Greatsword
3011900	Rotten Forked Greatsword
3012000	Storm Forked Greatsword
3012100	Mystic Forked Greatsword
3020000	Iron Greatsword
3020100	Heavy Iron Greatsword
3020200	Keen Iron Greatsword
3020300	Quality Iron Greatsword
3020400	Glint Iron Greatsword
3020500	Dragonkin Iron Greatsword
3020600	Gravity Iron Greatsword
3020700	Flame Iron Greatsword
3020800	Golden Iron Greatsword
3020900	Draconic Iron Greatsword
3021000	Bestial Iron Greatsword
3021100	Night Iron Greatsword
3021200	Lava Iron Greatsword
3021300	Frenzy Iron Greatsword
3021400	Death Iron Greatsword
3021500	Godslayer Iron Greatsword
3021600	Frost Iron Greatsword
3021700	Aberrant Iron Greatsword
3021800	Bloodflame Iron Greatsword
3021900	Rotten Iron Greatsword
3022000	Storm Iron Greatsword
3022100	Mystic Iron Greatsword
3030000	Lordsworn's Greatsword
3030100	Lordsworn's Heavy Greatsword
3030200	Lordsworn's Keen Greatsword
3030300	Lordsworn's Quality Greatsword
3030400	Lordsworn's Glint Greatsword
3030500	Lordsworn's Dragonkin Greatsword
3030600	Lordsworn's Gravity Greatsword
3030700	Lordsworn's Flame Greatsword
3030800	Lordsworn's Golden Greatsword
3030900	Lordsworn's Draconic Greatsword
3031000	Lordsworn's Bestial Greatsword
3031100	Lordsworn's Night Greatsword
3031200	Lordsworn's Lava Greatsword
3031300	Lordsworn's Frenzy Greatsword
3031400	Lordsworn's Death Greatsword
3031500	Lordsworn's Godslayer Greatsword
3031600	Lordsworn's Frost Greatsword
3031700	Lordsworn's Aberrant Greatsword
3031800	Lordsworn's Bloodflame Greatsword
3031900	Lordsworn's Rotten Greatsword
3032000	Lordsworn's Storm Greatsword
3032100	Lordsworn's Mystic Greatsword
3040000	Knight's Greatsword
3040100	Knight's Heavy Greatsword
3040200	Knight's Keen Greatsword
3040300	Knight's Quality Greatsword
3040400	Knight's Glint Greatsword
3040500	Knight's Dragonkin Greatsword
3040600	Knight's Gravity Greatsword
3040700	Knight's Flame Greatsword
3040800	Knight's Golden Greatsword
3040900	Knight's Draconic Greatsword
3041000	Knight's Bestial Greatsword
3041100	Knight's Night Greatsword
3041200	Knight's Lava Greatsword
3041300	Knight's Frenzy Greatsword
3041400	Knight's Death Greatsword
3041500	Knight's Godslayer Greatsword
3041600	Knight's Frost Greatsword
3041700	Knight's Aberrant Greatsword
3041800	Knight's Bloodflame Greatsword
3041900	Knight's Rotten Greatsword
3042000	Knight's Storm Greatsword
3042100	Knight's Mystic Greatsword
3050000	Flamberge
3050100	Heavy Flamberge
3050200	Keen Flamberge
3050300	Quality Flamberge
3050400	Glint Flamberge
3050500	Dragonkin Flamberge
3050600	Gravity Flamberge
3050700	Flame Flamberge
3050800	Golden Flamberge
3050900	Draconic Flamberge
3051000	Bestial Flamberge
3051100	Night Flamberge
3051200	Lava Flamberge
3051300	Frenzy Flamberge
3051400	Death Flamberge
3051500	Godslayer Flamberge
3051600	Frost Flamberge
3051700	Aberrant Flamberge
3051800	Bloodflame Flamberge
3051900	Rotten Flamberge
3052000	Storm Flamberge
3052100	Mystic Flamberge
3060000	Ordovis's Greatsword
3070000	Alabaster Lord's Greatsword
3080000	Banished Knight's Greatsword
3080100	Banished Knight's Heavy Greatsword
3080200	Banished Knight's Keen Greatsword
3080300	Banished Knight's Quality Greatsword
3080400	Banished Knight's Glint Greatsword
3080500	Banished Knight's Dragonkin Greatsword
3080600	Banished Knight's Gravity Greatsword
3080700	Banished Knight's Flame Greatsword
3080800	Banished Knight's Golden Greatsword
3080900	Banished Knight's Draconic Greatsword
3081000	Banished Knight's Bestial Greatsword
3081100	Banished Knight's Night Greatsword
3081200	Banished Knight's Lava Greatsword
3081300	Banished Knight's Frenzy Greatsword
3081400	Banished Knight's Death Greatsword
3081500	Banished Knight's Godslayer Greatsword
3081600	Banished Knight's Frost Greatsword
3081700	Banished Knight's Aberrant Greatsword
3081800	Banished Knight's Bloodflame Greatsword
3081900	Banished Knight's Rotten Greatsword
3082000	Banished Knight's Storm Greatsword
3082100	Banished Knight's Mystic Greatsword
3090000	Dark Moon Greatsword
3100000	Sacred Relic Sword
3110000	Celestial Blade
3120000	Sword of the Cyclops
3130000	Helphen's Steeple
3140000	Blasphemous Blade
3150000	Marais Executioner's Sword
3160000	Sword of Milos
3160100	Heavy Sword of Milos
3160200	Keen Sword of Milos
3160300	Quality Sword of Milos
3160400	Glint Sword of Milos
3160500	Dragonkin Sword of Milos
3160600	Gravity Sword of Milos
3160700	Flame Sword of Milos
3160800	Golden Sword of Milos
3160900	Draconic Sword of Milos
3161000	Bestial Sword of Milos
3161100	Night Sword of Milos
3161200	Lava Sword of Milos
3170000	Golden Order Greatsword
3180000	Claymore
3180100	Heavy Claymore
3180200	Keen Claymore
3180300	Quality Claymore
3180400	Glint Claymore
3180500	Dragonkin Claymore
3180600	Gravity Claymore
3180700	Flame Claymore
3180800	Golden Claymore
3180900	Draconic Claymore
3181000	Bestial Claymore
3181100	Night Claymore
3181200	Lava Claymore
3181300	Frenzy Claymore
3181400	Death Claymore
3181500	Godslayer Claymore
3181600	Frost Claymore
3181700	Aberrant Claymore
3181800	Bloodflame Claymore
3181900	Rotten Claymore
3182000	Storm Claymore
3182100	Mystic Claymore
3190000	Gargoyle's Greatsword
3190100	Gargoyle's Heavy Greatsword
3190200	Gargoyle's Keen Greatsword
3190300	Gargoyle's Quality Greatsword
3190400	Gargoyle's Glint Greatsword
3190500	Gargoyle's Dragonkin Greatsword
3190600	Gargoyle's Gravity Greatsword
3190700	Gargoyle's Flame Greatsword
3190800	Gargoyle's Golden Greatsword
3190900	Gargoyle's Draconic Greatsword
3191000	Gargoyle's Bestial Greatsword
3191100	Gargoyle's Night Greatsword
3191200	Gargoyle's Lava Greatsword
3200000	Death's Poker
3210000	Gargoyle's Blackblade
3210100	Heavy Gargoyle's Blackblade
3210200	Keen Gargoyle's Blackblade
3210300	Quality Gargoyle's Blackblade
3210400	Glint Gargoyle's Blackblade
3210500	Dragonkin Gargoyle's Blackblade
3210600	Gravity Gargoyle's Blackblade
3210700	Flame Gargoyle's Blackblade
3210800	Golden Gargoyle's Blackblade
3210900	Draconic Gargoyle's Blackblade
3211000	Bestial Gargoyle's Blackblade
3211100	Night Gargoyle's Blackblade
3211200	Lava Gargoyle's Blackblade
3220000	[ERROR]
3230000	Sword of Hadea
3240000	Dyru's Greatsword
3250000	Regal Splitblade
3255000	Regal Splitblade
3300000	Prime Maliketh's Black Blade
3500000	Sword Lance
3500100	Heavy Sword Lance
3500200	Keen Sword Lance
3500300	Quality Sword Lance
3500400	Glint Sword Lance
3500500	Dragonkin Sword Lance
3500600	Gravity Sword Lance
3500700	Flame Sword Lance
3500800	Golden Sword Lance
3500900	Draconic Sword Lance
3501000	Bestial Sword Lance
3501100	Night Sword Lance
3501200	Lava Sword Lance
3501300	Frenzy Sword Lance
3501400	Death Sword Lance
3501500	Godslayer Sword Lance
3501600	Frost Sword Lance
3501700	Aberrant Sword Lance
3501800	Bloodflame Sword Lance
3501900	Rotten Sword Lance
3502000	Storm Sword Lance
3502100	Mystic Sword Lance
3510000	Greatsword of Damnation
3520000	Lizard Greatsword
3520100	Heavy Lizard Greatsword
3520200	Keen Lizard Greatsword
3520300	Quality Lizard Greatsword
3520400	Glint Lizard Greatsword
3520500	Dragonkin Lizard Greatsword
3520600	Gravity Lizard Greatsword
3520700	Flame Lizard Greatsword
3520800	Golden Lizard Greatsword
3520900	Draconic Lizard Greatsword
3521000	Bestial Lizard Greatsword
3521100	Night Lizard Greatsword
3521200	Lava Lizard Greatsword
3521300	Frenzy Lizard Greatsword
3521400	Death Lizard Greatsword
3521500	Godslayer Lizard Greatsword
3521600	Frost Lizard Greatsword
3521700	Aberrant Lizard Greatsword
3521800	Bloodflame Lizard Greatsword
3521900	Rotten Lizard Greatsword
3522000	Storm Lizard Greatsword
3522100	Mystic Lizard Greatsword
3550000	Greatsword of Solitude
3560000	Greatsword of Midra
3900000	[ERROR]
4000000	Greatsword
4000100	Heavy Greatsword
4000200	Keen Greatsword
4000300	Quality Greatsword
4000400	Glint Greatsword
4000500	Dragonkin Greatsword
4000600	Gravity Greatsword
4000700	Flame Greatsword
4000800	Golden Greatsword
4000900	Draconic Greatsword
4001000	Bestial Greatsword
4001100	Night Greatsword
4001200	Lava Greatsword
4001300	Frenzy Greatsword
4001400	Death Greatsword
4001500	Godslayer Greatsword
4001600	Frost Greatsword
4001700	Aberrant Greatsword
4001800	Bloodflame Greatsword
4001900	Rotten Greatsword
4002000	Storm Greatsword
4002100	Mystic Greatsword
4010000	Watchdog's Greatsword
4010100	Watchdog's Heavy Greatsword
4010200	Watchdog's Keen Greatsword
4010300	Watchdog's Quality Greatsword
4010400	Watchdog's Glint Greatsword
4010500	Watchdog's Dragonkin Greatsword
4010600	Watchdog's Gravity Greatsword
4010700	Watchdog's Flame Greatsword
4010800	Watchdog's Golden Greatsword
4010900	Watchdog's Draconic Greatsword
4011000	Watchdog's Bestial Greatsword
4011100	Watchdog's Night Greatsword
4011200	Watchdog's Lava Greatsword
4011300	Watchdog's Frenzy Greatsword
4011400	Watchdog's Death Greatsword
4011500	Watchdog's Godslayer Greatsword
4011600	Watchdog's Frost Greatsword
4011700	Watchdog's Aberrant Greatsword
4011800	Watchdog's Bloodflame Greatsword
4011900	Watchdog's Rotten Greatsword
4012000	Watchdog's Storm Greatsword
4012100	Watchdog's Mystic Greatsword
4020000	Maliketh's Black Blade
4030000	Troll's Golden Sword
4030100	Troll's Golden Heavy Sword
4030200	Troll's Golden Keen Sword
4030300	Troll's Golden Quality Sword
4030400	Troll's Golden Glint Sword
4030500	Troll's Golden Dragonkin Sword
4030600	Troll's Golden Gravity Sword
4030700	Troll's Golden Flame Sword
4030800	Troll's Golden Golden Sword
4030900	Troll's Golden Draconic Sword
4031000	Troll's Golden Bestial Sword
4031100	Troll's Golden Night Sword
4031200	Troll's Golden Lava Sword
4031300	Troll's Golden Frenzy Sword
4031400	Troll's Golden Death Sword
4031500	Troll's Golden Godslayer Sword
4031600	Troll's Golden Frost Sword
4031700	Troll's Golden Aberrant Sword
4031800	Troll's Golden Bloodflame Sword
4031900	Troll's Golden Rotten Sword
4032000	Troll's Golden Storm Sword
4032100	Troll's Golden Mystic Sword
4040000	Zweihander
4040100	Heavy Zweihander
4040200	Keen Zweihander
4040300	Quality Zweihander
4040400	Glint Zweihander
4040500	Dragonkin Zweihander
4040600	Gravity Zweihander
4040700	Flame Zweihander
4040800	Golden Zweihander
4040900	Draconic Zweihander
4041000	Bestial Zweihander
4041100	Night Zweihander
4041200	Lava Zweihander
4041300	Frenzy Zweihander
4041400	Death Zweihander
4041500	Godslayer Zweihander
4041600	Frost Zweihander
4041700	Aberrant Zweihander
4041800	Bloodflame Zweihander
4041900	Rotten Zweihander
4042000	Storm Zweihander
4042100	Mystic Zweihander
4050000	Starscourge Greatsword
4060000	Royal Greatsword
4070000	Godslayer's Greatsword
4080000	Ruins Greatsword
4100000	Grafted Blade Greatsword
4110000	Troll Knight's Sword
4120000	Gravelstone Arcblades
4130000	Osian's Greatsword
4140000	Fingerprint Hexmark
4500000	Ancient Meteoric Ore Greatsword
4520000	Fire Knight's Greatsword
4520100	Fire Knight's Heavy Greatsword
4520200	Fire Knight's Keen Greatsword
4520300	Fire Knight's Quality Greatsword
4520400	Fire Knight's Fire Greatsword
4520500	Fire Knight's Flame Art Greatsword
4520600	Fire Knight's Lightning Greatsword
4520700	Fire Knight's Sacred Greatsword
4520800	Fire Knight's Magic Greatsword
4520900	Fire Knight's Cold Greatsword
4521000	Fire Knight's Poison Greatsword
4521100	Fire Knight's Blood Greatsword
4521200	Fire Knight's Occult Greatsword
4530000	Greatswords of Radahn
4540000	Moonrithyll's Knight Sword
4550000	Greatsword of Radahn (Light)
4900000	[ERROR]
4910000	[ERROR]
5000000	Estoc
5000100	Heavy Estoc
5000200	Keen Estoc
5000300	Quality Estoc
5000400	Glint Estoc
5000500	Dragonkin Estoc
5000600	Gravity Estoc
5000700	Flame Estoc
5000800	Golden Estoc
5000900	Draconic Estoc
5001000	Bestial Estoc
5001100	Night Estoc
5001200	Lava Estoc
5001300	Frenzy Estoc
5001400	Death Estoc
5001500	Godslayer Estoc
5001600	Frost Estoc
5001700	Aberrant Estoc
5001800	Bloodflame Estoc
5001900	Rotten Estoc
5002000	Storm Estoc
5002100	Mystic Estoc
5010000	Cleanrot Knight's Sword
5010100	Cleanrot Knight's Heavy Sword
5010200	Cleanrot Knight's Keen Sword
5010300	Cleanrot Knight's Quality Sword
5010400	Cleanrot Knight's Glint Sword
5010500	Cleanrot Knight's Dragonkin Sword
5010600	Cleanrot Knight's Gravity Sword
5010700	Cleanrot Knight's Flame Sword
5010800	Cleanrot Knight's Golden Sword
5010900	Cleanrot Knight's Draconic Sword
5011000	Cleanrot Knight's Bestial Sword
5011100	Cleanrot Knight's Night Sword
5011200	Cleanrot Knight's Lava Sword
5011300	Cleanrot Knight's Frenzy Sword
5011400	Cleanrot Knight's Death Sword
5011500	Cleanrot Knight's Godslayer Sword
5011600	Cleanrot Knight's Frost Sword
5011700	Cleanrot Knight's Aberrant Sword
5011800	Cleanrot Knight's Bloodflame Sword
5011900	Cleanrot Knight's Rotten Sword
5012000	Cleanrot Knight's Storm Sword
5012100	Cleanrot Knight's Mystic Sword
5020000	Rapier
5020100	Heavy Rapier
5020200	Keen Rapier
5020300	Quality Rapier
5020400	Glint Rapier
5020500	Dragonkin Rapier
5020600	Gravity Rapier
5020700	Flame Rapier
5020800	Golden Rapier
5020900	Draconic Rapier
5021000	Bestial Rapier
5021100	Night Rapier
5021200	Lava Rapier
5021300	Frenzy Rapier
5021400	Death Rapier
5021500	Godslayer Rapier
5021600	Frost Rapier
5021700	Aberrant Rapier
5021800	Bloodflame Rapier
5021900	Rotten Rapier
5022000	Storm Rapier
5022100	Mystic Rapier
5030000	Rogier's Rapier
5030100	Rogier's Heavy Rapier
5030200	Rogier's Keen Rapier
5030300	Rogier's Quality Rapier
5030400	Rogier's Glint Rapier
5030500	Rogier's Dragonkin Rapier
5030600	Rogier's Gravity Rapier
5030700	Rogier's Flame Rapier
5030800	Rogier's Golden Rapier
5030900	Rogier's Draconic Rapier
5031000	Rogier's Bestial Rapier
5031100	Rogier's Night Rapier
5031200	Rogier's Lava Rapier
5031300	Rogier's Frenzy Rapier
5031400	Rogier's Death Rapier
5031500	Rogier's Godslayer Rapier
5031600	Rogier's Frost Rapier
5031700	Rogier's Aberrant Rapier
5031800	Rogier's Bloodflame Rapier
5031900	Rogier's Rotten Rapier
5032000	Rogier's Storm Rapier
5032100	Rogier's Mystic Rapier
5040000	Antspur Rapier
5040100	Heavy Antspur Rapier
5040200	Keen Antspur Rapier
5040300	Quality Antspur Rapier
5040400	Glint Antspur Rapier
5040500	Dragonkin Antspur Rapier
5040600	Gravity Antspur Rapier
5040700	Flame Antspur Rapier
5040800	Golden Antspur Rapier
5040900	Draconic Antspur Rapier
5041000	Bestial Antspur Rapier
5041100	Night Antspur Rapier
5041200	Lava Antspur Rapier
5050000	Frozen Needle
5060000	Noble's Estoc
5060100	Noble's Heavy Estoc
5060200	Noble's Keen Estoc
5060300	Noble's Quality Estoc
5060400	Noble's Glint Estoc
5060500	Noble's Dragonkin Estoc
5060600	Noble's Gravity Estoc
5060700	Noble's Flame Estoc
5060800	Noble's Golden Estoc
5060900	Noble's Draconic Estoc
5061000	Noble's Bestial Estoc
5061100	Noble's Night Estoc
5061200	Noble's Lava Estoc
5061300	Noble's Frenzy Estoc
5061400	Noble's Death Estoc
5061500	Noble's Godslayer Estoc
5061600	Noble's Frost Estoc
5061700	Noble's Aberrant Estoc
5061800	Noble's Bloodflame Estoc
5061900	Noble's Rotten Estoc
5062000	Noble's Storm Estoc
5062100	Noble's Mystic Estoc
5070000	Thorn of the Guilty
5080000	Foil of Caddock
5090000	Quicksilver Rapier
6000000	Bloody Helice
6010000	Godskin Stitcher
6010100	Heavy Godskin Stitcher
6010200	Keen Godskin Stitcher
6010300	Quality Godskin Stitcher
6010400	Glint Godskin Stitcher
6010500	Dragonkin Godskin Stitcher
6010600	Gravity Godskin Stitcher
6010700	Flame Godskin Stitcher
6010800	Golden Godskin Stitcher
6010900	Draconic Godskin Stitcher
6011000	Bestial Godskin Stitcher
6011100	Night Godskin Stitcher
6011200	Lava Godskin Stitcher
6020000	Great Épée
6020100	Heavy Great Épée
6020200	Keen Great Épée
6020300	Quality Great Épée
6020400	Glint Great Épée
6020500	Dragonkin Great Épée
6020600	Gravity Great Épée
6020700	Flame Great Épée
6020800	Golden Great Épée
6020900	Draconic Great Épée
6021000	Bestial Great Épée
6021100	Night Great Épée
6021200	Lava Great Épée
6021300	Frenzy Great Épée
6021400	Death Great Épée
6021500	Godslayer Great Épée
6021600	Frost Great Épée
6021700	Aberrant Great Épée
6021800	Bloodflame Great Épée
6021900	Rotten Great Épée
6022000	Storm Great Épée
6022100	Mystic Great Épée
6030000	Carwyn's Épée
6040000	Dragon King's Cragblade
6050000	Estoc of the Serpent Priest
6500000	Queelign's Greatsword
6500100	Queelign's Heavy Greatsword
6500200	Queelign's Keen Greatsword
6500300	Queelign's Quality Greatsword
6500400	Queelign's Fire Greatsword
6500500	Queelign's Flame Art Greatsword
6500600	Queelign's Lightning Greatsword
6500700	Queelign's Sacred Greatsword
6500800	Queelign's Magic Greatsword
6500900	Queelign's Cold Greatsword
6501000	Queelign's Poison Greatsword
6501100	Queelign's Blood Greatsword
6501200	Queelign's Occult Greatsword
6900000	[ERROR]
7000000	Falchion
7000100	Heavy Falchion
7000200	Keen Falchion
7000300	Quality Falchion
7000400	Glint Falchion
7000500	Dragonkin Falchion
7000600	Gravity Falchion
7000700	Flame Falchion
7000800	Golden Falchion
7000900	Draconic Falchion
7001000	Bestial Falchion
7001100	Night Falchion
7001200	Lava Falchion
7001300	Frenzy Falchion
7001400	Death Falchion
7001500	Godslayer Falchion
7001600	Frost Falchion
7001700	Aberrant Falchion
7001800	Bloodflame Falchion
7001900	Rotten Falchion
7002000	Storm Falchion
7002100	Mystic Falchion
7010000	Beastman's Curved Sword
7010100	Beastman's Heavy Curved Sword
7010200	Beastman's Keen Curved Sword
7010300	Beastman's Quality Curved Sword
7010400	Beastman's Glint Curved Sword
7010500	Beastman's Dragonkin Curved Sword
7010600	Beastman's Gravity Curved Sword
7010700	Beastman's Flame Curved Sword
7010800	Beastman's Golden Curved Sword
7010900	Beastman's Draconic Curved Sword
7011000	Beastman's Bestial Curved Sword
7011100	Beastman's Night Curved Sword
7011200	Beastman's Lava Curved Sword
7020000	Shotel
7020100	Heavy Shotel
7020200	Keen Shotel
7020300	Quality Shotel
7020400	Glint Shotel
7020500	Dragonkin Shotel
7020600	Gravity Shotel
7020700	Flame Shotel
7020800	Golden Shotel
7020900	Draconic Shotel
7021000	Bestial Shotel
7021100	Night Shotel
7021200	Lava Shotel
7021300	Frenzy Shotel
7021400	Death Shotel
7021500	Godslayer Shotel
7021600	Frost Shotel
7021700	Aberrant Shotel
7021800	Bloodflame Shotel
7021900	Rotten Shotel
7022000	Storm Shotel
7022100	Mystic Shotel
7030000	Shamshir
7030100	Heavy Shamshir
7030200	Keen Shamshir
7030300	Quality Shamshir
7030400	Glint Shamshir
7030500	Dragonkin Shamshir
7030600	Gravity Shamshir
7030700	Flame Shamshir
7030800	Golden Shamshir
7030900	Draconic Shamshir
7031000	Bestial Shamshir
7031100	Night Shamshir
7031200	Lava Shamshir
7031300	Frenzy Shamshir
7031400	Death Shamshir
7031500	Godslayer Shamshir
7031600	Frost Shamshir
7031700	Aberrant Shamshir
7031800	Bloodflame Shamshir
7031900	Rotten Shamshir
7032000	Storm Shamshir
7032100	Mystic Shamshir
7040000	Bandit's Curved Sword
7040100	Bandit's Heavy Curved Sword
7040200	Bandit's Keen Curved Sword
7040300	Bandit's Quality Curved Sword
7040400	Bandit's Glint Curved Sword
7040500	Bandit's Dragonkin Curved Sword
7040600	Bandit's Gravity Curved Sword
7040700	Bandit's Flame Curved Sword
7040800	Bandit's Golden Curved Sword
7040900	Bandit's Draconic Curved Sword
7041000	Bandit's Bestial Curved Sword
7041100	Bandit's Night Curved Sword
7041200	Bandit's Lava Curved Sword
7041300	Bandit's Frenzy Curved Sword
7041400	Bandit's Death Curved Sword
7041500	Bandit's Godslayer Curved Sword
7041600	Bandit's Frost Curved Sword
7041700	Bandit's Aberrant Curved Sword
7041800	Bandit's Bloodflame Curved Sword
7041900	Bandit's Rotten Curved Sword
7042000	Bandit's Storm Curved Sword
7042100	Bandit's Mystic Curved Sword
7050000	Magma Blade
7060000	Flowing Curved Sword
7060100	Flowing Heavy Curved Sword
7060200	Flowing Keen Curved Sword
7060300	Flowing Quality Curved Sword
7060400	Flowing Glint Curved Sword
7060500	Flowing Dragonkin Curved Sword
7060600	Flowing Gravity Curved Sword
7060700	Flowing Flame Curved Sword
7060800	Flowing Golden Curved Sword
7060900	Flowing Draconic Curved Sword
7061000	Flowing Bestial Curved Sword
7061100	Flowing Night Curved Sword
7061200	Flowing Lava Curved Sword
7070000	Wing of Astel
7080000	Scavenger's Curved Sword
7080100	Scavenger's Heavy Curved Sword
7080200	Scavenger's Keen Curved Sword
7080300	Scavenger's Quality Curved Sword
7080400	Scavenger's Glint Curved Sword
7080500	Scavenger's Dragonkin Curved Sword
7080600	Scavenger's Gravity Curved Sword
7080700	Scavenger's Flame Curved Sword
7080800	Scavenger's Golden Curved Sword
7080900	Scavenger's Draconic Curved Sword
7081000	Scavenger's Bestial Curved Sword
7081100	Scavenger's Night Curved Sword
7081200	Scavenger's Lava Curved Sword
7081300	Scavenger's Frenzy Curved Sword
7081400	Scavenger's Death Curved Sword
7081500	Scavenger's Godslayer Curved Sword
7081600	Scavenger's Frost Curved Sword
7081700	Scavenger's Aberrant Curved Sword
7081800	Scavenger's Bloodflame Curved Sword
7081900	Scavenger's Rotten Curved Sword
7082000	Scavenger's Storm Curved Sword
7082100	Scavenger's Mystic Curved Sword
7090000	Zephyr Blades
7090100	Heavy Sharktooth Curved Sword
7090200	Sharp Sharktooth Curved Sword
7090300	Quality Sharktooth Curved Sword
7090400	Flame Sharktooth Curved Sword
7090500	Pyromancy Sharktooth Curved Sword
7090600	Lightning Sharktooth Curved Sword
7090700	Blessed Sharktooth Curved Sword
7090800	Magic Sharktooth Curved Sword
7090900	Frost Sharktooth Curved Sword
7091000	Poison Sharktooth Curved Sword
7091100	Blood Sharktooth Curved Sword
7091200	Arcane Sharktooth Curved Sword
7100000	Eclipse Shotel
7110000	Serpent-God's Curved Sword
7110100	Serpent-God's Heavy Curved Sword
7110200	Serpent-God's Keen Curved Sword
7110300	Serpent-God's Quality Curved Sword
7110400	Serpent-God's Glint Curved Sword
7110500	Serpent-God's Dragonkin Curved Sword
7110600	Serpent-God's Gravity Curved Sword
7110700	Serpent-God's Flame Curved Sword
7110800	Serpent-God's Golden Curved Sword
7110900	Serpent-God's Draconic Curved Sword
7111000	Serpent-God's Bestial Curved Sword
7111100	Serpent-God's Night Curved Sword
7111200	Serpent-God's Lava Curved Sword
7111300	Serpent-God's Frenzy Curved Sword
7111400	Serpent-God's Death Curved Sword
7111500	Serpent-God's Godslayer Curved Sword
7111600	Serpent-God's Frost Curved Sword
7111700	Serpent-God's Aberrant Curved Sword
7111800	Serpent-God's Bloodflame Curved Sword
7111900	Serpent-God's Rotten Curved Sword
7112000	Serpent-God's Storm Curved Sword
7112100	Serpent-God's Mystic Curved Sword
7120000	Mantis Blade
7120100	Heavy Mantis Blade
7120200	Keen Mantis Blade
7120300	Quality Mantis Blade
7120400	Glint Mantis Blade
7120500	Dragonkin Mantis Blade
7120600	Gravity Mantis Blade
7120700	Flame Mantis Blade
7120800	Golden Mantis Blade
7120900	Draconic Mantis Blade
7121000	Bestial Mantis Blade
7121100	Night Mantis Blade
7121200	Lava Mantis Blade
7140000	Scimitar
7140100	Heavy Scimitar
7140200	Keen Scimitar
7140300	Quality Scimitar
7140400	Glint Scimitar
7140500	Dragonkin Scimitar
7140600	Gravity Scimitar
7140700	Flame Scimitar
7140800	Golden Scimitar
7140900	Draconic Scimitar
7141000	Bestial Scimitar
7141100	Night Scimitar
7141200	Lava Scimitar
7141300	Frenzy Scimitar
7141400	Death Scimitar
7141500	Godslayer Scimitar
7141600	Frost Scimitar
7141700	Aberrant Scimitar
7141800	Bloodflame Scimitar
7141900	Rotten Scimitar
7142000	Storm Scimitar
7142100	Mystic Scimitar
7150000	Grossmesser
7150100	Heavy Grossmesser
7150200	Keen Grossmesser
7150300	Quality Grossmesser
7150400	Glint Grossmesser
7150500	Dragonkin Grossmesser
7150600	Gravity Grossmesser
7150700	Flame Grossmesser
7150800	Golden Grossmesser
7150900	Draconic Grossmesser
7151000	Bestial Grossmesser
7151100	Night Grossmesser
7151200	Lava Grossmesser
7151300	Frenzy Grossmesser
7151400	Death Grossmesser
7151500	Godslayer Grossmesser
7151600	Frost Grossmesser
7151700	Aberrant Grossmesser
7151800	Bloodflame Grossmesser
7151900	Rotten Grossmesser
7152000	Storm Grossmesser
7152100	Mystic Grossmesser
7160000	Blade of Scarlet Bloom
7170000	Godskin Flayer
7180000	Nomad's Kilij
7500000	Spirit Sword
7510000	Falx
7520000	Dancing Blade of Ranah
7530000	Horned Warrior's Sword
8010000	Onyx Lord's Greatsword
8020000	Dismounter
8020100	Heavy Dismounter
8020200	Keen Dismounter
8020300	Quality Dismounter
8020400	Glint Dismounter
8020500	Dragonkin Dismounter
8020600	Gravity Dismounter
8020700	Flame Dismounter
8020800	Golden Dismounter
8020900	Draconic Dismounter
8021000	Bestial Dismounter
8021100	Night Dismounter
8021200	Lava Dismounter
8021300	Frenzy Dismounter
8021400	Death Dismounter
8021500	Godslayer Dismounter
8021600	Frost Dismounter
8021700	Aberrant Dismounter
8021800	Bloodflame Dismounter
8021900	Rotten Dismounter
8022000	Storm Dismounter
8022100	Mystic Dismounter
8030000	Bloodhound's Fang
8030100	Bloodhound's Heavy Fang
8030200	Bloodhound's Keen Fang
8030300	Bloodhound's Quality Fang
8030400	Bloodhound's Glint Fang
8030500	Bloodhound's Dragonkin Fang
8030600	Bloodhound's Gravity Fang
8030700	Bloodhound's Flame Fang
8030800	Bloodhound's Golden Fang
8030900	Bloodhound's Draconic Fang
8031000	Bloodhound's Bestial Fang
8031100	Bloodhound's Night Fang
8031200	Bloodhound's Lava Fang
8040000	Magma Wyrm's Scalesword
8050000	Zamor Curved Sword
8060000	Omen Cleaver
8060100	Heavy Omen Cleaver
8060200	Keen Omen Cleaver
8060300	Quality Omen Cleaver
8060400	Glint Omen Cleaver
8060500	Dragonkin Omen Cleaver
8060600	Gravity Omen Cleaver
8060700	Flame Omen Cleaver
8060800	Golden Omen Cleaver
8060900	Draconic Omen Cleaver
8061000	Bestial Omen Cleaver
8061100	Night Omen Cleaver
8061200	Lava Omen Cleaver
8061300	Frenzy Omen Cleaver
8061400	Death Omen Cleaver
8061500	Godslayer Omen Cleaver
8061600	Frost Omen Cleaver
8061700	Aberrant Omen Cleaver
8061800	Bloodflame Omen Cleaver
8061900	Rotten Omen Cleaver
8062000	Storm Omen Cleaver
8062100	Mystic Omen Cleaver
8070000	Monk's Flameblade
8070100	Monk's Heavy Flameblade
8070200	Monk's Keen Flameblade
8070300	Monk's Quality Flameblade
8070400	Monk's Glint Flameblade
8070500	Monk's Dragonkin Flameblade
8070600	Monk's Gravity Flameblade
8070700	Monk's Flame Flameblade
8070800	Monk's Golden Flameblade
8070900	Monk's Draconic Flameblade
8071000	Monk's Bestial Flameblade
8071100	Monk's Night Flameblade
8071200	Monk's Lava Flameblade
8080000	Beastman's Cleaver
8080100	Beastman's Heavy Cleaver
8080200	Beastman's Keen Cleaver
8080300	Beastman's Quality Cleaver
8080400	Beastman's Glint Cleaver
8080500	Beastman's Dragonkin Cleaver
8080600	Beastman's Gravity Cleaver
8080700	Beastman's Flame Cleaver
8080800	Beastman's Golden Cleaver
8080900	Beastman's Draconic Cleaver
8081000	Beastman's Bestial Cleaver
8081100	Beastman's Night Cleaver
8081200	Beastman's Lava Cleaver
8090000	Three Finger Blade
8100000	Morgott's Cursed Sword
8110000	Holy Inferno Greatsword
8110100	Heavy Holy Inferno Greatsword
8110200	Keen Holy Inferno Greatsword
8110300	Quality Holy Inferno Greatsword
8110400	Glint Holy Inferno Greatsword
8110500	Dragonkin Holy Inferno Greatsword
8110600	Gravity Holy Inferno Greatsword
8110700	Flame Holy Inferno Greatsword
8110800	Golden Holy Inferno Greatsword
8110900	Draconic Holy Inferno Greatsword
8111000	Bestial Holy Inferno Greatsword
8111100	Night Holy Inferno Greatsword
8111200	Lava Holy Inferno Greatsword
8500000	Putrescence Cleaver
8510000	Freyja's Greatsword
8510100	Freyja's Heavy Greatsword
8510200	Freyja's Keen Greatsword
8510300	Freyja's Quality Greatsword
8510400	Freyja's Fire Greatsword
8510500	Freyja's Flame Art Greatsword
8510600	Freyja's Lightning Greatsword
8510700	Freyja's Sacred Greatsword
8510800	Freyja's Magic Greatsword
8510900	Freyja's Cold Greatsword
8511000	Freyja's Poison Greatsword
8511100	Freyja's Blood Greatsword
8511200	Freyja's Occult Greatsword
8520000	Horned Warrior's Greatsword
8530000	Demi-Dragon Cleaver
8530100	Heavy Demi-Dragon Cleaver
8530200	Keen Demi-Dragon Cleaver
8530300	Quality Demi-Dragon Cleaver
8530400	Glint Demi-Dragon Cleaver
8530500	Dragonkin Demi-Dragon Cleaver
8530600	Gravity Demi-Dragon Cleaver
8530700	Flame Demi-Dragon Cleaver
8530800	Golden Demi-Dragon Cleaver
8530900	Draconic Demi-Dragon Cleaver
8531000	Bestial Demi-Dragon Cleaver
8531100	Night Demi-Dragon Cleaver
8531200	Lava Demi-Dragon Cleaver
8531300	Frenzy Demi-Dragon Cleaver
8531400	Death Demi-Dragon Cleaver
8531500	Godslayer Demi-Dragon Cleaver
8531600	Frost Demi-Dragon Cleaver
8531700	Aberrant Demi-Dragon Cleaver
8531800	Bloodflame Demi-Dragon Cleaver
8531900	Rotten Demi-Dragon Cleaver
8532000	Storm Demi-Dragon Cleaver
8532100	Mystic Demi-Dragon Cleaver
8900000	[ERROR]
9000000	Uchigatana
9000100	Heavy Uchigatana
9000200	Keen Uchigatana
9000300	Quality Uchigatana
9000400	Glint Uchigatana
9000500	Dragonkin Uchigatana
9000600	Gravity Uchigatana
9000700	Flame Uchigatana
9000800	Golden Uchigatana
9000900	Draconic Uchigatana
9001000	Bestial Uchigatana
9001100	Night Uchigatana
9001200	Lava Uchigatana
9001300	Frenzy Uchigatana
9001400	Death Uchigatana
9001500	Godslayer Uchigatana
9001600	Frost Uchigatana
9001700	Aberrant Uchigatana
9001800	Bloodflame Uchigatana
9001900	Rotten Uchigatana
9002000	Storm Uchigatana
9002100	Mystic Uchigatana
9010000	Nagakiba
9010100	Heavy Nagakiba
9010200	Keen Nagakiba
9010300	Quality Nagakiba
9010400	Glint Nagakiba
9010500	Dragonkin Nagakiba
9010600	Gravity Nagakiba
9010700	Flame Nagakiba
9010800	Golden Nagakiba
9010900	Draconic Nagakiba
9011000	Bestial Nagakiba
9011100	Night Nagakiba
9011200	Lava Nagakiba
9011300	Frenzy Nagakiba
9011400	Death Nagakiba
9011500	Godslayer Nagakiba
9011600	Frost Nagakiba
9011700	Aberrant Nagakiba
9011800	Bloodflame Nagakiba
9011900	Rotten Nagakiba
9012000	Storm Nagakiba
9012100	Mystic Nagakiba
9020000	Hand of Malenia
9030000	Meteoric Ore Blade
9030100	Heavy Meteoric Ore Blade
9030200	Keen Meteoric Ore Blade
9030300	Quality Meteoric Ore Blade
9030400	Glint Meteoric Ore Blade
9030500	Dragonkin Meteoric Ore Blade
9030600	Gravity Meteoric Ore Blade
9030700	Flame Meteoric Ore Blade
9030800	Golden Meteoric Ore Blade
9030900	Draconic Meteoric Ore Blade
9031000	Bestial Meteoric Ore Blade
9031100	Night Meteoric Ore Blade
9031200	Lava Meteoric Ore Blade
9040000	Rivers of Blood
9050000	Star Shadow
9060000	Moonveil
9070000	Dragonscale Blade
9080000	Serpentbone Blade
9080100	[ERROR]Heavy Serpentbone Blade
9080200	[ERROR]Keen Serpentbone Blade
9080300	[ERROR]Quality Serpentbone Blade
9080400	[ERROR]Fire Serpentbone Blade
9080500	[ERROR]Flame Art Serpentbone Blade
9080600	[ERROR]Lightning Serpentbone Blade
9080700	[ERROR]Sacred Serpentbone Blade
9080800	[ERROR]Magic Serpentbone Blade
9080900	[ERROR]Cold Serpentbone Blade
9081000	[ERROR]Poison Serpentbone Blade
9081100	[ERROR]Blood Serpentbone Blade
9081200	[ERROR]Occult Serpentbone Blade
9090000	Blade of Distant Light
9500000	Sword of Night
9900000	[ERROR]
9910000	[ERROR]
9911000	[ERROR]
9920000	[ERROR]
9930000	[ERROR]
10000000	Twinblade
10000100	Heavy Twinblade
10000200	Keen Twinblade
10000300	Quality Twinblade
10000400	Glint Twinblade
10000500	Dragonkin Twinblade
10000600	Gravity Twinblade
10000700	Flame Twinblade
10000800	Golden Twinblade
10000900	Draconic Twinblade
10001000	Bestial Twinblade
10001100	Night Twinblade
10001200	Lava Twinblade
10001300	Frenzy Twinblade
10001400	Death Twinblade
10001500	Godslayer Twinblade
10001600	Frost Twinblade
10001700	Aberrant Twinblade
10001800	Bloodflame Twinblade
10001900	Rotten Twinblade
10002000	Storm Twinblade
10002100	Mystic Twinblade
10010000	Godskin Peeler
10010100	Heavy Godskin Peeler
10010200	Keen Godskin Peeler
10010300	Quality Godskin Peeler
10010400	Glint Godskin Peeler
10010500	Dragonkin Godskin Peeler
10010600	Gravity Godskin Peeler
10010700	Flame Godskin Peeler
10010800	Golden Godskin Peeler
10010900	Draconic Godskin Peeler
10011000	Bestial Godskin Peeler
10011100	Night Godskin Peeler
10011200	Lava Godskin Peeler
10020000	Sulien's Razors
10030000	Twinned Knight Swords
10030100	Heavy Twinned Knight Swords
10030200	Keen Twinned Knight Swords
10030300	Quality Twinned Knight Swords
10030400	Glint Twinned Knight Swords
10030500	Dragonkin Twinned Knight Swords
10030600	Gravity Twinned Knight Swords
10030700	Flame Twinned Knight Swords
10030800	Golden Twinned Knight Swords
10030900	Draconic Twinned Knight Swords
10031000	Bestial Twinned Knight Swords
10031100	Night Twinned Knight Swords
10031200	Lava Twinned Knight Swords
10031300	Frenzy Twinned Knight Swords
10031400	Death Twinned Knight Swords
10031500	Godslayer Twinned Knight Swords
10031600	Frost Twinned Knight Swords
10031700	Aberrant Twinned Knight Swords
10031800	Bloodflame Twinned Knight Swords
10031900	Rotten Twinned Knight Swords
10032000	Storm Twinned Knight Swords
10032100	Mystic Twinned Knight Swords
10040000	Frozen Twinshards
10050000	Eleonora's Poleblade
10060000	Caimar's Battlestaff
10070000	Godwyn's Cragblades
10080000	Gargoyle's Twinblade
10080100	Gargoyle's Heavy Twinblade
10080200	Gargoyle's Keen Twinblade
10080300	Gargoyle's Quality Twinblade
10080400	Gargoyle's Glint Twinblade
10080500	Gargoyle's Dragonkin Twinblade
10080600	Gargoyle's Gravity Twinblade
10080700	Gargoyle's Flame Twinblade
10080800	Gargoyle's Golden Twinblade
10080900	Gargoyle's Draconic Twinblade
10081000	Gargoyle's Bestial Twinblade
10081100	Gargoyle's Night Twinblade
10081200	Gargoyle's Lava Twinblade
10090000	Gargoyle's Black Blades
10090100	Gargoyle's Heavy Black Blades
10090200	Gargoyle's Keen Black Blades
10090300	Gargoyle's Quality Black Blades
10090400	Gargoyle's Glint Black Blades
10090500	Gargoyle's Dragonkin Black Blades
10090600	Gargoyle's Gravity Black Blades
10090700	Gargoyle's Flame Black Blades
10090800	Gargoyle's Golden Black Blades
10090900	Gargoyle's Draconic Black Blades
10091000	Gargoyle's Bestial Black Blades
10091100	Gargoyle's Night Black Blades
10091200	Gargoyle's Lava Black Blades
10100000	Palm-Ax Twinblades
10110000	Gilded Quarterstaff
10200000	Galvanic Culling Blade
10205000	Galvanic Culling Blade
10500000	Euporia
10510000	Black Steel Twinblade
10510100	Heavy Black Steel Twinblade
10510200	Keen Black Steel Twinblade
10510300	Quality Black Steel Twinblade
10510400	Fire Black Steel Twinblade
10510500	Flame Art Black Steel Twinblade
10510600	Lightning Black Steel Twinblade
10510700	Sacred Black Steel Twinblade
10510800	Magic Black Steel Twinblade
10510900	Cold Black Steel Twinblade
10511000	Poison Black Steel Twinblade
10511100	Blood Black Steel Twinblade
10511200	Occult Black Steel Twinblade
11000000	Mace
11000100	Heavy Mace
11000200	Keen Mace
11000300	Quality Mace
11000400	Glint Mace
11000500	Dragonkin Mace
11000600	Gravity Mace
11000700	Flame Mace
11000800	Golden Mace
11000900	Draconic Mace
11001000	Bestial Mace
11001100	Night Mace
11001200	Lava Mace
11001300	Frenzy Mace
11001400	Death Mace
11001500	Godslayer Mace
11001600	Frost Mace
11001700	Aberrant Mace
11001800	Bloodflame Mace
11001900	Rotten Mace
11002000	Storm Mace
11002100	Mystic Mace
11010000	Club
11010100	Heavy Club
11010200	Keen Club
11010300	Quality Club
11010400	Glint Club
11010500	Dragonkin Club
11010600	Gravity Club
11010700	Flame Club
11010800	Golden Club
11010900	Draconic Club
11011000	Bestial Club
11011100	Night Club
11011200	Lava Club
11011300	Frenzy Club
11011400	Death Club
11011500	Godslayer Club
11011600	Frost Club
11011700	Aberrant Club
11011800	Bloodflame Club
11011900	Rotten Club
11012000	Storm Club
11012100	Mystic Club
11020000	Leaden Maul
11030000	Curved Club
11030100	Heavy Curved Club
11030200	Keen Curved Club
11030300	Quality Curved Club
11030400	Glint Curved Club
11030500	Dragonkin Curved Club
11030600	Gravity Curved Club
11030700	Flame Curved Club
11030800	Golden Curved Club
11030900	Draconic Curved Club
11031000	Bestial Curved Club
11031100	Night Curved Club
11031200	Lava Curved Club
11031300	Frenzy Curved Club
11031400	Death Curved Club
11031500	Godslayer Curved Club
11031600	Frost Curved Club
11031700	Aberrant Curved Club
11031800	Bloodflame Curved Club
11031900	Rotten Curved Club
11032000	Storm Curved Club
11032100	Mystic Curved Club
11040000	Warpick
11040100	Heavy Warpick
11040200	Keen Warpick
11040300	Quality Warpick
11040400	Glint Warpick
11040500	Dragonkin Warpick
11040600	Gravity Warpick
11040700	Flame Warpick
11040800	Golden Warpick
11040900	Draconic Warpick
11041000	Bestial Warpick
11041100	Night Warpick
11041200	Lava Warpick
11041300	Frenzy Warpick
11041400	Death Warpick
11041500	Godslayer Warpick
11041600	Frost Warpick
11041700	Aberrant Warpick
11041800	Bloodflame Warpick
11041900	Rotten Warpick
11042000	Storm Warpick
11042100	Mystic Warpick
11050000	Morning Star
11050100	Heavy Morning Star
11050200	Keen Morning Star
11050300	Quality Morning Star
11050400	Glint Morning Star
11050500	Dragonkin Morning Star
11050600	Gravity Morning Star
11050700	Flame Morning Star
11050800	Golden Morning Star
11050900	Draconic Morning Star
11051000	Bestial Morning Star
11051100	Night Morning Star
11051200	Lava Morning Star
11051300	Frenzy Morning Star
11051400	Death Morning Star
11051500	Godslayer Morning Star
11051600	Frost Morning Star
11051700	Aberrant Morning Star
11051800	Bloodflame Morning Star
11051900	Rotten Morning Star
11052000	Storm Morning Star
11052100	Mystic Morning Star
11060000	Varré's Bouquet
11060100	Heavy Varré's Bouquet
11060200	Keen Varré's Bouquet
11060300	Quality Varré's Bouquet
11060400	Glint Varré's Bouquet
11060500	Dragonkin Varré's Bouquet
11060600	Gravity Varré's Bouquet
11060700	Flame Varré's Bouquet
11060800	Golden Varré's Bouquet
11060900	Draconic Varré's Bouquet
11061000	Bestial Varré's Bouquet
11061100	Night Varré's Bouquet
11061200	Lava Varré's Bouquet
11070000	Spiked Club
11070100	Heavy Spiked Club
11070200	Keen Spiked Club
11070300	Quality Spiked Club
11070400	Glint Spiked Club
11070500	Dragonkin Spiked Club
11070600	Gravity Spiked Club
11070700	Flame Spiked Club
11070800	Golden Spiked Club
11070900	Draconic Spiked Club
11071000	Bestial Spiked Club
11071100	Night Spiked Club
11071200	Lava Spiked Club
11071300	Frenzy Spiked Club
11071400	Death Spiked Club
11071500	Godslayer Spiked Club
11071600	Frost Spiked Club
11071700	Aberrant Spiked Club
11071800	Bloodflame Spiked Club
11071900	Rotten Spiked Club
11072000	Storm Spiked Club
11072100	Mystic Spiked Club
11080000	Hammer
11080100	Heavy Hammer
11080200	Keen Hammer
11080300	Quality Hammer
11080400	Glint Hammer
11080500	Dragonkin Hammer
11080600	Gravity Hammer
11080700	Flame Hammer
11080800	Golden Hammer
11080900	Draconic Hammer
11081000	Bestial Hammer
11081100	Night Hammer
11081200	Lava Hammer
11081300	Frenzy Hammer
11081400	Death Hammer
11081500	Godslayer Hammer
11081600	Frost Hammer
11081700	Aberrant Hammer
11081800	Bloodflame Hammer
11081900	Rotten Hammer
11082000	Storm Hammer
11082100	Mystic Hammer
11090000	Monk's Flamemace
11090100	Monk's Heavy Flamemace
11090200	Monk's Keen Flamemace
11090300	Monk's Quality Flamemace
11090400	Monk's Glint Flamemace
11090500	Monk's Dragonkin Flamemace
11090600	Monk's Gravity Flamemace
11090700	Monk's Flame Flamemace
11090800	Monk's Golden Flamemace
11090900	Monk's Draconic Flamemace
11091000	Monk's Bestial Flamemace
11091100	Monk's Night Flamemace
11091200	Monk's Lava Flamemace
11100000	Envoy's Horn
11110000	Scepter of the All-Knowing
11120000	Nox Flowing Hammer
11130000	Ringed Finger
11140000	Stone Club
11140100	Heavy Stone Club
11140200	Keen Stone Club
11140300	Quality Stone Club
11140400	Glint Stone Club
11140500	Dragonkin Stone Club
11140600	Gravity Stone Club
11140700	Flame Stone Club
11140800	Golden Stone Club
11140900	Draconic Stone Club
11141000	Bestial Stone Club
11141100	Night Stone Club
11141200	Lava Stone Club
11141300	Frenzy Stone Club
11141400	Death Stone Club
11141500	Godslayer Stone Club
11141600	Frost Stone Club
11141700	Aberrant Stone Club
11141800	Bloodflame Stone Club
11141900	Rotten Stone Club
11142000	Storm Stone Club
11142100	Mystic Stone Club
11150000	Marika's Hammer
11160000	Zamor Star Mace
11160100	Heavy Marika's Hammer
11160200	Keen Marika's Hammer
11160300	Quality Marika's Hammer
11160400	Glint Marika's Hammer
11160500	Dragonkin Marika's Hammer
11160600	Gravity Marika's Hammer
11160700	Flame Marika's Hammer
11160800	Golden Marika's Hammer
11160900	Draconic Marika's Hammer
11161000	Bestial Marika's Hammer
11161100	Night Marika's Hammer
11161200	Lava Marika's Hammer
11180000	Hammer of Virtue
11190000	Tricia's Pomander
11191000	Tricia's Pomander
11192000	Tricia's Pomander
11193000	Tricia's Pomander
11200000	Prime Marika's Hammer
11500000	Flowerstone Gavel
12000000	Large Club
12000100	Heavy Large Club
12000200	Keen Large Club
12000300	Quality Large Club
12000400	Glint Large Club
12000500	Dragonkin Large Club
12000600	Gravity Large Club
12000700	Flame Large Club
12000800	Golden Large Club
12000900	Draconic Large Club
12001000	Bestial Large Club
12001100	Night Large Club
12001200	Lava Large Club
12001300	Frenzy Large Club
12001400	Death Large Club
12001500	Godslayer Large Club
12001600	Frost Large Club
12001700	Aberrant Large Club
12001800	Bloodflame Large Club
12001900	Rotten Large Club
12002000	Storm Large Club
12002100	Mystic Large Club
12010000	Greathorn Hammer
12010100	Heavy Greathorn Hammer
12010200	Keen Greathorn Hammer
12010300	Quality Greathorn Hammer
12010400	Glint Greathorn Hammer
12010500	Dragonkin Greathorn Hammer
12010600	Gravity Greathorn Hammer
12010700	Flame Greathorn Hammer
12010800	Golden Greathorn Hammer
12010900	Draconic Greathorn Hammer
12011000	Bestial Greathorn Hammer
12011100	Night Greathorn Hammer
12011200	Lava Greathorn Hammer
12020000	Battle Hammer
12020100	Heavy Battle Hammer
12020200	Keen Battle Hammer
12020300	Quality Battle Hammer
12020400	Glint Battle Hammer
12020500	Dragonkin Battle Hammer
12020600	Gravity Battle Hammer
12020700	Flame Battle Hammer
12020800	Golden Battle Hammer
12020900	Draconic Battle Hammer
12021000	Bestial Battle Hammer
12021100	Night Battle Hammer
12021200	Lava Battle Hammer
12021300	Frenzy Battle Hammer
12021400	Death Battle Hammer
12021500	Godslayer Battle Hammer
12021600	Frost Battle Hammer
12021700	Aberrant Battle Hammer
12021800	Bloodflame Battle Hammer
12021900	Rotten Battle Hammer
12022000	Storm Battle Hammer
12022100	Mystic Battle Hammer
12030000	Underworld Greatmace
12040000	Crimson Briar-Bough
12060000	Great Mace
12060100	Heavy Great Mace
12060200	Keen Great Mace
12060300	Quality Great Mace
12060400	Glint Great Mace
12060500	Dragonkin Great Mace
12060600	Gravity Great Mace
12060700	Flame Great Mace
12060800	Golden Great Mace
12060900	Draconic Great Mace
12061000	Bestial Great Mace
12061100	Night Great Mace
12061200	Lava Great Mace
12061300	Frenzy Great Mace
12061400	Death Great Mace
12061500	Godslayer Great Mace
12061600	Frost Great Mace
12061700	Aberrant Great Mace
12061800	Bloodflame Great Mace
12061900	Rotten Great Mace
12062000	Storm Great Mace
12062100	Mystic Great Mace
12070000	Sigur's Greatmace
12080000	Curved Great Club
12080100	Heavy Curved Great Club
12080200	Keen Curved Great Club
12080300	Quality Curved Great Club
12080400	Glint Curved Great Club
12080500	Dragonkin Curved Great Club
12080600	Gravity Curved Great Club
12080700	Flame Curved Great Club
12080800	Golden Curved Great Club
12080900	Draconic Curved Great Club
12081000	Bestial Curved Great Club
12081100	Night Curved Great Club
12081200	Lava Curved Great Club
12081300	Frenzy Curved Great Club
12081400	Death Curved Great Club
12081500	Godslayer Curved Great Club
12081600	Frost Curved Great Club
12081700	Aberrant Curved Great Club
12081800	Bloodflame Curved Great Club
12081900	Rotten Curved Great Club
12082000	Storm Curved Great Club
12082100	Mystic Curved Great Club
12090000	Einar's Hammer
12130000	Celebrant's Skull
12130100	Celebrant's Heavy Skull
12130200	Celebrant's Keen Skull
12130300	Celebrant's Quality Skull
12130400	Celebrant's Glint Skull
12130500	Celebrant's Dragonkin Skull
12130600	Celebrant's Gravity Skull
12130700	Celebrant's Flame Skull
12130800	Celebrant's Golden Skull
12130900	Celebrant's Draconic Skull
12131000	Celebrant's Bestial Skull
12131100	Celebrant's Night Skull
12131200	Celebrant's Lava Skull
12140000	Pickaxe
12140100	Heavy Pickaxe
12140200	Keen Pickaxe
12140300	Quality Pickaxe
12140400	Glint Pickaxe
12140500	Dragonkin Pickaxe
12140600	Gravity Pickaxe
12140700	Flame Pickaxe
12140800	Golden Pickaxe
12140900	Draconic Pickaxe
12141000	Bestial Pickaxe
12141100	Night Pickaxe
12141200	Lava Pickaxe
12141300	Frenzy Pickaxe
12141400	Death Pickaxe
12141500	Godslayer Pickaxe
12141600	Frost Pickaxe
12141700	Aberrant Pickaxe
12141800	Bloodflame Pickaxe
12141900	Rotten Pickaxe
12142000	Storm Pickaxe
12142100	Mystic Pickaxe
12150000	Beastclaw Greathammer
12160000	Envoy's Long Horn
12170000	Cranial Vessel Candlestand
12180000	Great Stars
12180100	Heavy Great Stars
12180200	Keen Great Stars
12180300	Quality Great Stars
12180400	Glint Great Stars
12180500	Dragonkin Great Stars
12180600	Gravity Great Stars
12180700	Flame Great Stars
12180800	Golden Great Stars
12180900	Draconic Great Stars
12181000	Bestial Great Stars
12181100	Night Great Stars
12181200	Lava Great Stars
12181300	Frenzy Great Stars
12181400	Death Great Stars
12181500	Godslayer Great Stars
12181600	Frost Great Stars
12181700	Aberrant Great Stars
12181800	Bloodflame Great Stars
12181900	Rotten Great Stars
12182000	Storm Great Stars
12182100	Mystic Great Stars
12190000	Brick Hammer
12190100	Heavy Brick Hammer
12190200	Keen Brick Hammer
12190300	Quality Brick Hammer
12190400	Glint Brick Hammer
12190500	Dragonkin Brick Hammer
12190600	Gravity Brick Hammer
12190700	Flame Brick Hammer
12190800	Golden Brick Hammer
12190900	Draconic Brick Hammer
12191000	Bestial Brick Hammer
12191100	Night Brick Hammer
12191200	Lava Brick Hammer
12191300	Frenzy Brick Hammer
12191400	Death Brick Hammer
12191500	Godslayer Brick Hammer
12191600	Frost Brick Hammer
12191700	Aberrant Brick Hammer
12191800	Bloodflame Brick Hammer
12191900	Rotten Brick Hammer
12192000	Storm Brick Hammer
12192100	Mystic Brick Hammer
12200000	Devourer's Scepter
12210000	Rotten Battle Hammer
12210100	Heavy Rotten Battle Hammer
12210200	Keen Rotten Battle Hammer
12210300	Quality Rotten Battle Hammer
12210400	Glint Rotten Battle Hammer
12210500	Dragonkin Rotten Battle Hammer
12210600	Gravity Rotten Battle Hammer
12210700	Flame Rotten Battle Hammer
12210800	Golden Rotten Battle Hammer
12210900	Draconic Rotten Battle Hammer
12211000	Bestial Rotten Battle Hammer
12211100	Night Rotten Battle Hammer
12211200	Lava Rotten Battle Hammer
12500000	Smithscript Greathammer
12500100	Heavy Smithscript Greathammer
12500200	Keen Smithscript Greathammer
12500300	Quality Smithscript Greathammer
12500400	Glint Smithscript Greathammer
12500500	Dragonkin Smithscript Greathammer
12500600	Gravity Smithscript Greathammer
12500700	Flame Smithscript Greathammer
12500800	Golden Smithscript Greathammer
12500900	Draconic Smithscript Greathammer
12501000	Bestial Smithscript Greathammer
12501100	Night Smithscript Greathammer
12501200	Lava Smithscript Greathammer
12501300	Frenzy Smithscript Greathammer
12501400	Death Smithscript Greathammer
12501500	Godslayer Smithscript Greathammer
12501600	Frost Smithscript Greathammer
12501700	Aberrant Smithscript Greathammer
12501800	Bloodflame Smithscript Greathammer
12501900	Rotten Smithscript Greathammer
12502000	Storm Smithscript Greathammer
12502100	Mystic Smithscript Greathammer
12510000	Anvil Hammer
12520000	Black Steel Greathammer
12520100	Heavy Black Steel Greathammer
12520200	Keen Black Steel Greathammer
12520300	Quality Black Steel Greathammer
12520400	Fire Black Steel Greathammer
12520500	Flame Art Black Steel Greathammer
12520600	Lightning Black Steel Greathammer
12520700	Sacred Black Steel Greathammer
12520800	Magic Black Steel Greathammer
12520900	Cold Black Steel Greathammer
12521000	Poison Black Steel Greathammer
12521100	Blood Black Steel Greathammer
12521200	Occult Black Steel Greathammer
12530000	Bloodfiend's Arm
12530100	Bloodfiend's Heavy Arm
12530200	Bloodfiend's Keen Arm
12530300	Bloodfiend's Quality Arm
12530400	Bloodfiend's Fire Arm
12530500	Bloodfiend's Flame Art Arm
12530600	Bloodfiend's Lightning Arm
12530700	Bloodfiend's Sacred Arm
12530800	Bloodfiend's Magic Arm
12530900	Bloodfiend's Cold Arm
12531000	Bloodfiend's Poison Arm
12531100	Bloodfiend's Blood Arm
12531200	Bloodfiend's Occult Arm
12900000	[ERROR]
12910000	[ERROR]
13000000	Nightrider Flail
13000100	Heavy Nightrider Flail
13000200	Keen Nightrider Flail
13000300	Quality Nightrider Flail
13000400	Glint Nightrider Flail
13000500	Dragonkin Nightrider Flail
13000600	Gravity Nightrider Flail
13000700	Flame Nightrider Flail
13000800	Golden Nightrider Flail
13000900	Draconic Nightrider Flail
13001000	Bestial Nightrider Flail
13001100	Night Nightrider Flail
13001200	Lava Nightrider Flail
13001300	Frenzy Nightrider Flail
13001400	Death Nightrider Flail
13001500	Godslayer Nightrider Flail
13001600	Frost Nightrider Flail
13001700	Aberrant Nightrider Flail
13001800	Bloodflame Nightrider Flail
13001900	Rotten Nightrider Flail
13002000	Storm Nightrider Flail
13002100	Mystic Nightrider Flail
13010000	Flail
13010100	Heavy Flail
13010200	Keen Flail
13010300	Quality Flail
13010400	Glint Flail
13010500	Dragonkin Flail
13010600	Gravity Flail
13010700	Flame Flail
13010800	Golden Flail
13010900	Draconic Flail
13011000	Bestial Flail
13011100	Night Flail
13011200	Lava Flail
13011300	Frenzy Flail
13011400	Death Flail
13011500	Godslayer Flail
13011600	Frost Flail
13011700	Aberrant Flail
13011800	Bloodflame Flail
13011900	Rotten Flail
13012000	Storm Flail
13012100	Mystic Flail
13020000	Family Heads
13030000	Bastard's Stars
13040000	Chainlink Flail
13040100	Heavy Chainlink Flail
13040200	Keen Chainlink Flail
13040300	Quality Chainlink Flail
13040400	Glint Chainlink Flail
13040500	Dragonkin Chainlink Flail
13040600	Gravity Chainlink Flail
13040700	Flame Chainlink Flail
13040800	Golden Chainlink Flail
13040900	Draconic Chainlink Flail
13041000	Bestial Chainlink Flail
13041100	Night Chainlink Flail
13041200	Lava Chainlink Flail
13041300	Frenzy Chainlink Flail
13041400	Death Chainlink Flail
13041500	Godslayer Chainlink Flail
13041600	Frost Chainlink Flail
13041700	Aberrant Chainlink Flail
13041800	Bloodflame Chainlink Flail
13041900	Rotten Chainlink Flail
13042000	Storm Chainlink Flail
13042100	Mystic Chainlink Flail
13050000	Mohgwyn Censer
13060000	Seething Flail
13500000	Serpent Flail
14000000	Battle Axe
14000100	Heavy Battle Axe
14000200	Keen Battle Axe
14000300	Quality Battle Axe
14000400	Glint Battle Axe
14000500	Dragonkin Battle Axe
14000600	Gravity Battle Axe
14000700	Flame Battle Axe
14000800	Golden Battle Axe
14000900	Draconic Battle Axe
14001000	Bestial Battle Axe
14001100	Night Battle Axe
14001200	Lava Battle Axe
14001300	Frenzy Battle Axe
14001400	Death Battle Axe
14001500	Godslayer Battle Axe
14001600	Frost Battle Axe
14001700	Aberrant Battle Axe
14001800	Bloodflame Battle Axe
14001900	Rotten Battle Axe
14002000	Storm Battle Axe
14002100	Mystic Battle Axe
14010000	Forked Hatchet
14010100	Heavy Forked Hatchet
14010200	Keen Forked Hatchet
14010300	Quality Forked Hatchet
14010400	Glint Forked Hatchet
14010500	Dragonkin Forked Hatchet
14010600	Gravity Forked Hatchet
14010700	Flame Forked Hatchet
14010800	Golden Forked Hatchet
14010900	Draconic Forked Hatchet
14011000	Bestial Forked Hatchet
14011100	Night Forked Hatchet
14011200	Lava Forked Hatchet
14011300	Frenzy Forked Hatchet
14011400	Death Forked Hatchet
14011500	Godslayer Forked Hatchet
14011600	Frost Forked Hatchet
14011700	Aberrant Forked Hatchet
14011800	Bloodflame Forked Hatchet
14011900	Rotten Forked Hatchet
14012000	Storm Forked Hatchet
14012100	Mystic Forked Hatchet
14020000	Hand Axe
14020100	Heavy Hand Axe
14020200	Keen Hand Axe
14020300	Quality Hand Axe
14020400	Glint Hand Axe
14020500	Dragonkin Hand Axe
14020600	Gravity Hand Axe
14020700	Flame Hand Axe
14020800	Golden Hand Axe
14020900	Draconic Hand Axe
14021000	Bestial Hand Axe
14021100	Night Hand Axe
14021200	Lava Hand Axe
14021300	Frenzy Hand Axe
14021400	Death Hand Axe
14021500	Godslayer Hand Axe
14021600	Frost Hand Axe
14021700	Aberrant Hand Axe
14021800	Bloodflame Hand Axe
14021900	Rotten Hand Axe
14022000	Storm Hand Axe
14022100	Mystic Hand Axe
14030000	Jawbone Axe
14030100	Heavy Jawbone Axe
14030200	Keen Jawbone Axe
14030300	Quality Jawbone Axe
14030400	Glint Jawbone Axe
14030500	Dragonkin Jawbone Axe
14030600	Gravity Jawbone Axe
14030700	Flame Jawbone Axe
14030800	Golden Jawbone Axe
14030900	Draconic Jawbone Axe
14031000	Bestial Jawbone Axe
14031100	Night Jawbone Axe
14031200	Lava Jawbone Axe
14040000	Iron Cleaver
14040100	Heavy Iron Cleaver
14040200	Keen Iron Cleaver
14040300	Quality Iron Cleaver
14040400	Glint Iron Cleaver
14040500	Dragonkin Iron Cleaver
14040600	Gravity Iron Cleaver
14040700	Flame Iron Cleaver
14040800	Golden Iron Cleaver
14040900	Draconic Iron Cleaver
14041000	Bestial Iron Cleaver
14041100	Night Iron Cleaver
14041200	Lava Iron Cleaver
14041300	Frenzy Iron Cleaver
14041400	Death Iron Cleaver
14041500	Godslayer Iron Cleaver
14041600	Frost Iron Cleaver
14041700	Aberrant Iron Cleaver
14041800	Bloodflame Iron Cleaver
14041900	Rotten Iron Cleaver
14042000	Storm Iron Cleaver
14042100	Mystic Iron Cleaver
14050000	Ripple Blade
14050100	Heavy Ripple Blade
14050200	Keen Ripple Blade
14050300	Quality Ripple Blade
14050400	Glint Ripple Blade
14050500	Dragonkin Ripple Blade
14050600	Gravity Ripple Blade
14050700	Flame Ripple Blade
14050800	Golden Ripple Blade
14050900	Draconic Ripple Blade
14051000	Bestial Ripple Blade
14051100	Night Ripple Blade
14051200	Lava Ripple Blade
14060000	Celebrant's Cleaver
14060100	Celebrant's Heavy Cleaver
14060200	Celebrant's Keen Cleaver
14060300	Celebrant's Quality Cleaver
14060400	Celebrant's Glint Cleaver
14060500	Celebrant's Dragonkin Cleaver
14060600	Celebrant's Gravity Cleaver
14060700	Celebrant's Flame Cleaver
14060800	Celebrant's Golden Cleaver
14060900	Celebrant's Draconic Cleaver
14061000	Celebrant's Bestial Cleaver
14061100	Celebrant's Night Cleaver
14061200	Celebrant's Lava Cleaver
14070000	Glintstone Cleaver
14080000	Icerind Hatchet
14090000	Axe of Epiphany
14100000	Highland Axe
14100100	Heavy Highland Axe
14100200	Keen Highland Axe
14100300	Quality Highland Axe
14100400	Glint Highland Axe
14100500	Dragonkin Highland Axe
14100600	Gravity Highland Axe
14100700	Flame Highland Axe
14100800	Golden Highland Axe
14100900	Draconic Highland Axe
14101000	Bestial Highland Axe
14101100	Night Highland Axe
14101200	Lava Highland Axe
14101300	Frenzy Highland Axe
14101400	Death Highland Axe
14101500	Godslayer Highland Axe
14101600	Frost Highland Axe
14101700	Aberrant Highland Axe
14101800	Bloodflame Highland Axe
14101900	Rotten Highland Axe
14102000	Storm Highland Axe
14102100	Mystic Highland Axe
14110000	Sacrificial Axe
14110100	Heavy Sacrificial Axe
14110200	Keen Sacrificial Axe
14110300	Quality Sacrificial Axe
14110400	Glint Sacrificial Axe
14110500	Dragonkin Sacrificial Axe
14110600	Gravity Sacrificial Axe
14110700	Flame Sacrificial Axe
14110800	Golden Sacrificial Axe
14110900	Draconic Sacrificial Axe
14111000	Bestial Sacrificial Axe
14111100	Night Sacrificial Axe
14111200	Lava Sacrificial Axe
14120000	Rosus' Axe
14130000	Axe of Fell Prophecy
14130100	Heavy Burial Axe
14130200	Sharp Burial Axe
14130300	Quality Burial Axe
14130400	Flame Burial Axe
14130500	Pyromancy Burial Axe
14130600	Gravity Burial Axe
14130700	Blessed Burial Axe
14130800	Golden Burial Axe
14130900	Frost Burial Axe
14131000	Bestial Burial Axe
14131100	Night Burial Axe
14131200	Arcane Burial Axe
14140000	Stormhawk Axe
14150000	Bloodhound Hookblade
14160000	Rimeheart
14170000	Bloodflame Kamas
14500000	Smithscript Axe
14500100	Heavy Smithscript Axe
14500200	Keen Smithscript Axe
14500300	Quality Smithscript Axe
14500400	Glint Smithscript Axe
14500500	Dragonkin Smithscript Axe
14500600	Gravity Smithscript Axe
14500700	Flame Smithscript Axe
14500800	Golden Smithscript Axe
14500900	Draconic Smithscript Axe
14501000	Bestial Smithscript Axe
14501100	Night Smithscript Axe
14501200	Lava Smithscript Axe
14501300	Frenzy Smithscript Axe
14501400	Death Smithscript Axe
14501500	Godslayer Smithscript Axe
14501600	Frost Smithscript Axe
14501700	Aberrant Smithscript Axe
14501800	Bloodflame Smithscript Axe
14501900	Rotten Smithscript Axe
14502000	Storm Smithscript Axe
14502100	Mystic Smithscript Axe
14510000	Death Knight's Twin Axes
14520000	Messmer Soldier's Axe
14520100	Messmer Soldier's Heavy Axe
14520200	Messmer Soldier's Keen Axe
14520300	Messmer Soldier's Quality Axe
14520400	Messmer Soldier's Glint Axe
14520500	Messmer Soldier's Dragonkin Axe
14520600	Messmer Soldier's Gravity Axe
14520700	Messmer Soldier's Flame Axe
14520800	Messmer Soldier's Golden Axe
14520900	Messmer Soldier's Draconic Axe
14521000	Messmer Soldier's Bestial Axe
14521100	Messmer Soldier's Night Axe
14521200	Messmer Soldier's Lava Axe
14521300	Messmer Soldier's Frenzy Axe
14521400	Messmer Soldier's Death Axe
14521500	Messmer Soldier's Godslayer Axe
14521600	Messmer Soldier's Frost Axe
14521700	Messmer Soldier's Aberrant Axe
14521800	Messmer Soldier's Bloodflame Axe
14521900	Messmer Soldier's Rotten Axe
14522000	Messmer Soldier's Storm Axe
14522100	Messmer Soldier's Mystic Axe
14540000	Forked-Tongue Hatchet
15000000	Greataxe
15000100	Heavy Greataxe
15000200	Keen Greataxe
15000300	Quality Greataxe
15000400	Glint Greataxe
15000500	Dragonkin Greataxe
15000600	Gravity Greataxe
15000700	Flame Greataxe
15000800	Golden Greataxe
15000900	Draconic Greataxe
15001000	Bestial Greataxe
15001100	Night Greataxe
15001200	Lava Greataxe
15001300	Frenzy Greataxe
15001400	Death Greataxe
15001500	Godslayer Greataxe
15001600	Frost Greataxe
15001700	Aberrant Greataxe
15001800	Bloodflame Greataxe
15001900	Rotten Greataxe
15002000	Storm Greataxe
15002100	Mystic Greataxe
15010000	Warped Axe
15010100	Heavy Warped Axe
15010200	Keen Warped Axe
15010300	Quality Warped Axe
15010400	Glint Warped Axe
15010500	Dragonkin Warped Axe
15010600	Gravity Warped Axe
15010700	Flame Warped Axe
15010800	Golden Warped Axe
15010900	Draconic Warped Axe
15011000	Bestial Warped Axe
15011100	Night Warped Axe
15011200	Lava Warped Axe
15011300	Frenzy Warped Axe
15011400	Death Warped Axe
15011500	Godslayer Warped Axe
15011600	Frost Warped Axe
15011700	Aberrant Warped Axe
15011800	Bloodflame Warped Axe
15011900	Rotten Warped Axe
15012000	Storm Warped Axe
15012100	Mystic Warped Axe
15020000	Great Omenkiller Cleaver
15020100	Heavy Great Omenkiller Cleaver
15020200	Keen Great Omenkiller Cleaver
15020300	Quality Great Omenkiller Cleaver
15020400	Glint Great Omenkiller Cleaver
15020500	Dragonkin Great Omenkiller Cleaver
15020600	Gravity Great Omenkiller Cleaver
15020700	Flame Great Omenkiller Cleaver
15020800	Golden Great Omenkiller Cleaver
15020900	Draconic Great Omenkiller Cleaver
15021000	Bestial Great Omenkiller Cleaver
15021100	Night Great Omenkiller Cleaver
15021200	Lava Great Omenkiller Cleaver
15021300	Frenzy Great Omenkiller Cleaver
15021400	Death Great Omenkiller Cleaver
15021500	Godslayer Great Omenkiller Cleaver
15021600	Frost Great Omenkiller Cleaver
15021700	Aberrant Great Omenkiller Cleaver
15021800	Bloodflame Great Omenkiller Cleaver
15021900	Rotten Great Omenkiller Cleaver
15022000	Storm Great Omenkiller Cleaver
15022100	Mystic Great Omenkiller Cleaver
15030000	Crescent Moon Axe
15030100	Heavy Crescent Moon Axe
15030200	Keen Crescent Moon Axe
15030300	Quality Crescent Moon Axe
15030400	Glint Crescent Moon Axe
15030500	Dragonkin Crescent Moon Axe
15030600	Gravity Crescent Moon Axe
15030700	Flame Crescent Moon Axe
15030800	Golden Crescent Moon Axe
15030900	Draconic Crescent Moon Axe
15031000	Bestial Crescent Moon Axe
15031100	Night Crescent Moon Axe
15031200	Lava Crescent Moon Axe
15031300	Frenzy Crescent Moon Axe
15031400	Death Crescent Moon Axe
15031500	Godslayer Crescent Moon Axe
15031600	Frost Crescent Moon Axe
15031700	Aberrant Crescent Moon Axe
15031800	Bloodflame Crescent Moon Axe
15031900	Rotten Crescent Moon Axe
15032000	Storm Crescent Moon Axe
15032100	Mystic Crescent Moon Axe
15040000	Axe of Godrick
15050000	Longhaft Axe
15050100	Heavy Longhaft Axe
15050200	Keen Longhaft Axe
15050300	Quality Longhaft Axe
15050400	Glint Longhaft Axe
15050500	Dragonkin Longhaft Axe
15050600	Gravity Longhaft Axe
15050700	Flame Longhaft Axe
15050800	Golden Longhaft Axe
15050900	Draconic Longhaft Axe
15051000	Bestial Longhaft Axe
15051100	Night Longhaft Axe
15051200	Lava Longhaft Axe
15051300	Frenzy Longhaft Axe
15051400	Death Longhaft Axe
15051500	Godslayer Longhaft Axe
15051600	Frost Longhaft Axe
15051700	Aberrant Longhaft Axe
15051800	Bloodflame Longhaft Axe
15051900	Rotten Longhaft Axe
15052000	Storm Longhaft Axe
15052100	Mystic Longhaft Axe
15060000	Rusted Anchor
15060100	Heavy Rusted Anchor
15060200	Keen Rusted Anchor
15060300	Quality Rusted Anchor
15060400	Glint Rusted Anchor
15060500	Dragonkin Rusted Anchor
15060600	Gravity Rusted Anchor
15060700	Flame Rusted Anchor
15060800	Golden Rusted Anchor
15060900	Draconic Rusted Anchor
15061000	Bestial Rusted Anchor
15061100	Night Rusted Anchor
15061200	Lava Rusted Anchor
15061300	Frenzy Rusted Anchor
15061400	Death Rusted Anchor
15061500	Godslayer Rusted Anchor
15061600	Frost Rusted Anchor
15061700	Aberrant Rusted Anchor
15061800	Bloodflame Rusted Anchor
15061900	Rotten Rusted Anchor
15062000	Storm Rusted Anchor
15062100	Mystic Rusted Anchor
15080000	Executioner's Greataxe
15080100	Executioner's Heavy Greataxe
15080200	Executioner's Keen Greataxe
15080300	Executioner's Quality Greataxe
15080400	Executioner's Glint Greataxe
15080500	Executioner's Dragonkin Greataxe
15080600	Executioner's Gravity Greataxe
15080700	Executioner's Flame Greataxe
15080800	Executioner's Golden Greataxe
15080900	Executioner's Draconic Greataxe
15081000	Executioner's Bestial Greataxe
15081100	Executioner's Night Greataxe
15081200	Executioner's Lava Greataxe
15081300	Executioner's Frenzy Greataxe
15081400	Executioner's Death Greataxe
15081500	Executioner's Godslayer Greataxe
15081600	Executioner's Frost Greataxe
15081700	Executioner's Aberrant Greataxe
15081800	Executioner's Bloodflame Greataxe
15081900	Executioner's Rotten Greataxe
15082000	Executioner's Storm Greataxe
15082100	Executioner's Mystic Greataxe
15090000	Axe of Rust
15110000	Winged Greathorn
15120000	Butchering Knife
15120100	Heavy Butchering Knife
15120200	Keen Butchering Knife
15120300	Quality Butchering Knife
15120400	Glint Butchering Knife
15120500	Dragonkin Butchering Knife
15120600	Gravity Butchering Knife
15120700	Flame Butchering Knife
15120800	Golden Butchering Knife
15120900	Draconic Butchering Knife
15121000	Bestial Butchering Knife
15121100	Night Butchering Knife
15121200	Lava Butchering Knife
15121300	Frenzy Butchering Knife
15121400	Death Butchering Knife
15121500	Godslayer Butchering Knife
15121600	Frost Butchering Knife
15121700	Aberrant Butchering Knife
15121800	Bloodflame Butchering Knife
15121900	Rotten Butchering Knife
15122000	Storm Butchering Knife
15122100	Mystic Butchering Knife
15130000	Gargoyle's Great Axe
15130100	Gargoyle's Heavy Great Axe
15130200	Gargoyle's Keen Great Axe
15130300	Gargoyle's Quality Great Axe
15130400	Gargoyle's Glint Great Axe
15130500	Gargoyle's Dragonkin Great Axe
15130600	Gargoyle's Gravity Great Axe
15130700	Gargoyle's Flame Great Axe
15130800	Gargoyle's Golden Great Axe
15130900	Gargoyle's Draconic Great Axe
15131000	Gargoyle's Bestial Great Axe
15131100	Gargoyle's Night Great Axe
15131200	Gargoyle's Lava Great Axe
15140000	Gargoyle's Black Axe
15140100	Heavy Gargoyle's Black Axe
15140200	Keen Gargoyle's Black Axe
15140300	Quality Gargoyle's Black Axe
15140400	Glint Gargoyle's Black Axe
15140500	Dragonkin Gargoyle's Black Axe
15140600	Gravity Gargoyle's Black Axe
15140700	Flame Gargoyle's Black Axe
15140800	Golden Gargoyle's Black Axe
15140900	Draconic Gargoyle's Black Axe
15141000	Bestial Gargoyle's Black Axe
15141100	Night Gargoyle's Black Axe
15141200	Lava Gargoyle's Black Axe
15500000	Death Knight's Longhaft Axe
15510000	Bonny Butchering Knife
15900000	[ERROR]
16000000	Short Spear
16000100	Heavy Short Spear
16000200	Keen Short Spear
16000300	Quality Short Spear
16000400	Glint Short Spear
16000500	Dragonkin Short Spear
16000600	Gravity Short Spear
16000700	Flame Short Spear
16000800	Golden Short Spear
16000900	Draconic Short Spear
16001000	Bestial Short Spear
16001100	Night Short Spear
16001200	Lava Short Spear
16001300	Frenzy Short Spear
16001400	Death Short Spear
16001500	Godslayer Short Spear
16001600	Frost Short Spear
16001700	Aberrant Short Spear
16001800	Bloodflame Short Spear
16001900	Rotten Short Spear
16002000	Storm Short Spear
16002100	Mystic Short Spear
16010000	Spear
16010100	Heavy Spear
16010200	Keen Spear
16010300	Quality Spear
16010400	Glint Spear
16010500	Dragonkin Spear
16010600	Gravity Spear
16010700	Flame Spear
16010800	Golden Spear
16010900	Draconic Spear
16011000	Bestial Spear
16011100	Night Spear
16011200	Lava Spear
16011300	Frenzy Spear
16011400	Death Spear
16011500	Godslayer Spear
16011600	Frost Spear
16011700	Aberrant Spear
16011800	Bloodflame Spear
16011900	Rotten Spear
16012000	Storm Spear
16012100	Mystic Spear
16020000	Crystal Spear
16030000	Clayman's Harpoon
16030100	Clayman's Heavy Harpoon
16030200	Clayman's Keen Harpoon
16030300	Clayman's Quality Harpoon
16030400	Clayman's Glint Harpoon
16030500	Clayman's Dragonkin Harpoon
16030600	Clayman's Gravity Harpoon
16030700	Clayman's Flame Harpoon
16030800	Clayman's Golden Harpoon
16030900	Clayman's Draconic Harpoon
16031000	Clayman's Bestial Harpoon
16031100	Clayman's Night Harpoon
16031200	Clayman's Lava Harpoon
16040000	Cleanrot Spear
16040100	Heavy Cleanrot Knight's Spear
16040200	Keen Cleanrot Knight's Spear
16040300	Quality Cleanrot Knight's Spear
16040400	Glint Cleanrot Knight's Spear
16040500	Dragonkin Cleanrot Knight's Spear
16040600	Gravity Cleanrot Knight's Spear
16040700	Flame Cleanrot Knight's Spear
16040800	Golden Cleanrot Knight's Spear
16040900	Draconic Cleanrot Knight's Spear
16041000	Bestial Cleanrot Knight's Spear
16041100	Night Cleanrot Knight's Spear
16041200	Lava Cleanrot Spear
16050000	Partisan
16050100	Heavy Partisan
16050200	Keen Partisan
16050300	Quality Partisan
16050400	Glint Partisan
16050500	Dragonkin Partisan
16050600	Gravity Partisan
16050700	Flame Partisan
16050800	Golden Partisan
16050900	Draconic Partisan
16051000	Bestial Partisan
16051100	Night Partisan
16051200	Lava Partisan
16051300	Frenzy Partisan
16051400	Death Partisan
16051500	Godslayer Partisan
16051600	Frost Partisan
16051700	Aberrant Partisan
16051800	Bloodflame Partisan
16051900	Rotten Partisan
16052000	Storm Partisan
16052100	Mystic Partisan
16060000	Celebrant's Rib-Rake
16060100	Celebrant's Heavy Rib-Rake
16060200	Celebrant's Keen Rib-Rake
16060300	Celebrant's Quality Rib-Rake
16060400	Celebrant's Glint Rib-Rake
16060500	Celebrant's Dragonkin Rib-Rake
16060600	Celebrant's Gravity Rib-Rake
16060700	Celebrant's Flame Rib-Rake
16060800	Celebrant's Golden Rib-Rake
16060900	Celebrant's Draconic Rib-Rake
16061000	Celebrant's Bestial Rib-Rake
16061100	Celebrant's Night Rib-Rake
16061200	Celebrant's Lava Rib-Rake
16070000	Pike
16070100	Heavy Pike
16070200	Keen Pike
16070300	Quality Pike
16070400	Glint Pike
16070500	Dragonkin Pike
16070600	Gravity Pike
16070700	Flame Pike
16070800	Golden Pike
16070900	Draconic Pike
16071000	Bestial Pike
16071100	Night Pike
16071200	Lava Pike
16071300	Frenzy Pike
16071400	Death Pike
16071500	Godslayer Pike
16071600	Frost Pike
16071700	Aberrant Pike
16071800	Bloodflame Pike
16071900	Rotten Pike
16072000	Storm Pike
16072100	Mystic Pike
16080000	Torchpole
16090000	Bolt of Gransax
16100000	Spear of Tranquility
16110000	Cross-Naginata
16110100	Heavy Cross-Naginata
16110200	Keen Cross-Naginata
16110300	Quality Cross-Naginata
16110400	Glint Cross-Naginata
16110500	Dragonkin Cross-Naginata
16110600	Gravity Cross-Naginata
16110700	Flame Cross-Naginata
16110800	Golden Cross-Naginata
16110900	Draconic Cross-Naginata
16111000	Bestial Cross-Naginata
16111100	Night Cross-Naginata
16111200	Lava Cross-Naginata
16111300	Frenzy Cross-Naginata
16111400	Death Cross-Naginata
16111500	Godslayer Cross-Naginata
16111600	Frost Cross-Naginata
16111700	Aberrant Cross-Naginata
16111800	Bloodflame Cross-Naginata
16111900	Rotten Cross-Naginata
16112000	Storm Cross-Naginata
16112100	Mystic Cross-Naginata
16120000	Death Ritual Spear
16130000	Inquisitor's Girandole
16140000	Spiked Spear
16140100	Heavy Spiked Spear
16140200	Keen Spiked Spear
16140300	Quality Spiked Spear
16140400	Glint Spiked Spear
16140500	Dragonkin Spiked Spear
16140600	Gravity Spiked Spear
16140700	Flame Spiked Spear
16140800	Golden Spiked Spear
16140900	Draconic Spiked Spear
16141000	Bestial Spiked Spear
16141100	Night Spiked Spear
16141200	Lava Spiked Spear
16141300	Frenzy Spiked Spear
16141400	Death Spiked Spear
16141500	Godslayer Spiked Spear
16141600	Frost Spiked Spear
16141700	Aberrant Spiked Spear
16141800	Bloodflame Spiked Spear
16141900	Rotten Spiked Spear
16142000	Storm Spiked Spear
16142100	Mystic Spiked Spear
16150000	Iron Spear
16150100	Heavy Iron Spear
16150200	Keen Iron Spear
16150300	Quality Iron Spear
16150400	Glint Iron Spear
16150500	Dragonkin Iron Spear
16150600	Gravity Iron Spear
16150700	Flame Iron Spear
16150800	Golden Iron Spear
16150900	Draconic Iron Spear
16151000	Bestial Iron Spear
16151100	Night Iron Spear
16151200	Lava Iron Spear
16151300	Frenzy Iron Spear
16151400	Death Iron Spear
16151500	Godslayer Iron Spear
16151600	Frost Iron Spear
16151700	Aberrant Iron Spear
16151800	Bloodflame Iron Spear
16151900	Rotten Iron Spear
16152000	Storm Iron Spear
16152100	Mystic Iron Spear
16160000	Rotten Crystal Spear
16170000	Phalanx Pike
16180000	Crucifix of Eochaid
16500000	Smithscript Spear
16500100	Heavy Smithscript Spear
16500200	Keen Smithscript Spear
16500300	Quality Smithscript Spear
16500400	Glint Smithscript Spear
16500500	Dragonkin Smithscript Spear
16500600	Gravity Smithscript Spear
16500700	Flame Smithscript Spear
16500800	Golden Smithscript Spear
16500900	Draconic Smithscript Spear
16501000	Bestial Smithscript Spear
16501100	Night Smithscript Spear
16501200	Lava Smithscript Spear
16501300	Frenzy Smithscript Spear
16501400	Death Smithscript Spear
16501500	Godslayer Smithscript Spear
16501600	Frost Smithscript Spear
16501700	Aberrant Smithscript Spear
16501800	Bloodflame Smithscript Spear
16501900	Rotten Smithscript Spear
16502000	Storm Smithscript Spear
16502100	Mystic Smithscript Spear
16520000	Swift Spear
16520100	Heavy Swift Spear
16520200	Keen Swift Spear
16520300	Quality Swift Spear
16520400	Fire Swift Spear
16520500	Flame Art Swift Spear
16520600	Lightning Swift Spear
16520700	Sacred Swift Spear
16520800	Magic Swift Spear
16520900	Cold Swift Spear
16521000	Poison Swift Spear
16521100	Blood Swift Spear
16521200	Occult Swift Spear
16540000	Bloodfiend's Fork
16540100	Bloodfiend's Heavy Fork
16540200	Bloodfiend's Keen Fork
16540300	Bloodfiend's Quality Fork
16540400	Bloodfiend's Fire Fork
16540500	Bloodfiend's Flame Art Fork
16540600	Bloodfiend's Lightning Fork
16540700	Bloodfiend's Sacred Fork
16540800	Bloodfiend's Magic Fork
16540900	Bloodfiend's Cold Fork
16541000	Bloodfiend's Poison Fork
16541100	Bloodfiend's Blood Fork
16541200	Bloodfiend's Occult Fork
16550000	Bloodfiend's Sacred Spear
16560000	Gaoler's Mancatcher
16560100	Heavy Gaoler's Mancatcher
16560200	Keen Gaoler's Mancatcher
16560300	Quality Gaoler's Mancatcher
16560400	Glint Gaoler's Mancatcher
16560500	Dragonkin Gaoler's Mancatcher
16560600	Gravity Gaoler's Mancatcher
16560700	Flame Gaoler's Mancatcher
16560800	Golden Gaoler's Mancatcher
16560900	Draconic Gaoler's Mancatcher
16561000	Bestial Gaoler's Mancatcher
16561100	Night Gaoler's Mancatcher
16561200	Lava Gaoler's Mancatcher
16561300	Frenzy Gaoler's Mancatcher
16561400	Death Gaoler's Mancatcher
16561500	Godslayer Gaoler's Mancatcher
16561600	Frost Gaoler's Mancatcher
16561700	Aberrant Gaoler's Mancatcher
16561800	Bloodflame Gaoler's Mancatcher
16561900	Rotten Gaoler's Mancatcher
16562000	Storm Gaoler's Mancatcher
16562100	Mystic Gaoler's Mancatcher
17010000	Mohgwyn's Sacred Spear
17020000	Siluria's Tree
17030000	Serpent-Hunter
17050000	Vyke's War Spear
17060000	Lance
17060100	Heavy Lance
17060200	Keen Lance
17060300	Quality Lance
17060400	Glint Lance
17060500	Dragonkin Lance
17060600	Gravity Lance
17060700	Flame Lance
17060800	Golden Lance
17060900	Draconic Lance
17061000	Bestial Lance
17061100	Night Lance
17061200	Lava Lance
17061300	Frenzy Lance
17061400	Death Lance
17061500	Godslayer Lance
17061600	Frost Lance
17061700	Aberrant Lance
17061800	Bloodflame Lance
17061900	Rotten Lance
17062000	Storm Lance
17062100	Mystic Lance
17070000	Treespear
17070100	[ERROR]Heavy Treespear
17070101	[ERROR]
17070102	[ERROR]
17070103	[ERROR]
17070104	[ERROR]
17070105	[ERROR]
17070106	[ERROR]
17070107	[ERROR]
17070108	[ERROR]
17070109	[ERROR]
17070110	[ERROR]
17070111	[ERROR]
17070112	[ERROR]
17070113	[ERROR]
17070114	[ERROR]
17070115	[ERROR]
17070116	[ERROR]
17070117	[ERROR]
17070118	[ERROR]
17070119	[ERROR]
17070120	[ERROR]
17070121	[ERROR]
17070122	[ERROR]
17070123	[ERROR]
17070124	[ERROR]
17070125	[ERROR]
17070200	[ERROR]Keen Treespear
17070201	[ERROR]
17070202	[ERROR]
17070203	[ERROR]
17070204	[ERROR]
17070205	[ERROR]
17070206	[ERROR]
17070207	[ERROR]
17070208	[ERROR]
17070209	[ERROR]
17070210	[ERROR]
17070211	[ERROR]
17070212	[ERROR]
17070213	[ERROR]
17070214	[ERROR]
17070215	[ERROR]
17070216	[ERROR]
17070217	[ERROR]
17070218	[ERROR]
17070219	[ERROR]
17070220	[ERROR]
17070221	[ERROR]
17070222	[ERROR]
17070223	[ERROR]
17070224	[ERROR]
17070225	[ERROR]
17070300	[ERROR]Quality Treespear
17070301	[ERROR]
17070302	[ERROR]
17070303	[ERROR]
17070304	[ERROR]
17070305	[ERROR]
17070306	[ERROR]
17070307	[ERROR]
17070308	[ERROR]
17070309	[ERROR]
17070310	[ERROR]
17070311	[ERROR]
17070312	[ERROR]
17070313	[ERROR]
17070314	[ERROR]
17070315	[ERROR]
17070316	[ERROR]
17070317	[ERROR]
17070318	[ERROR]
17070319	[ERROR]
17070320	[ERROR]
17070321	[ERROR]
17070322	[ERROR]
17070323	[ERROR]
17070324	[ERROR]
17070325	[ERROR]
17070400	[ERROR]Fire Treespear
17070401	[ERROR]
17070402	[ERROR]
17070403	[ERROR]
17070404	[ERROR]
17070405	[ERROR]
17070406	[ERROR]
17070407	[ERROR]
17070408	[ERROR]
17070409	[ERROR]
17070410	[ERROR]
17070411	[ERROR]
17070412	[ERROR]
17070413	[ERROR]
17070414	[ERROR]
17070415	[ERROR]
17070416	[ERROR]
17070417	[ERROR]
17070418	[ERROR]
17070419	[ERROR]
17070420	[ERROR]
17070421	[ERROR]
17070422	[ERROR]
17070423	[ERROR]
17070424	[ERROR]
17070425	[ERROR]
17070500	[ERROR]Flame Art Treespear
17070501	[ERROR]
17070502	[ERROR]
17070503	[ERROR]
17070504	[ERROR]
17070505	[ERROR]
17070506	[ERROR]
17070507	[ERROR]
17070508	[ERROR]
17070509	[ERROR]
17070510	[ERROR]
17070511	[ERROR]
17070512	[ERROR]
17070513	[ERROR]
17070514	[ERROR]
17070515	[ERROR]
17070516	[ERROR]
17070517	[ERROR]
17070518	[ERROR]
17070519	[ERROR]
17070520	[ERROR]
17070521	[ERROR]
17070522	[ERROR]
17070523	[ERROR]
17070524	[ERROR]
17070525	[ERROR]
17070600	[ERROR]Lightning Treespear
17070601	[ERROR]
17070602	[ERROR]
17070603	[ERROR]
17070604	[ERROR]
17070605	[ERROR]
17070606	[ERROR]
17070607	[ERROR]
17070608	[ERROR]
17070609	[ERROR]
17070610	[ERROR]
17070611	[ERROR]
17070612	[ERROR]
17070613	[ERROR]
17070614	[ERROR]
17070615	[ERROR]
17070616	[ERROR]
17070617	[ERROR]
17070618	[ERROR]
17070619	[ERROR]
17070620	[ERROR]
17070621	[ERROR]
17070622	[ERROR]
17070623	[ERROR]
17070624	[ERROR]
17070625	[ERROR]
17070700	[ERROR]Sacred Treespear
17070701	[ERROR]
17070702	[ERROR]
17070703	[ERROR]
17070704	[ERROR]
17070705	[ERROR]
17070706	[ERROR]
17070707	[ERROR]
17070708	[ERROR]
17070709	[ERROR]
17070710	[ERROR]
17070711	[ERROR]
17070712	[ERROR]
17070713	[ERROR]
17070714	[ERROR]
17070715	[ERROR]
17070716	[ERROR]
17070717	[ERROR]
17070718	[ERROR]
17070719	[ERROR]
17070720	[ERROR]
17070721	[ERROR]
17070722	[ERROR]
17070723	[ERROR]
17070724	[ERROR]
17070725	[ERROR]
17070800	[ERROR]Magic Treespear
17070801	[ERROR]
17070802	[ERROR]
17070803	[ERROR]
17070804	[ERROR]
17070805	[ERROR]
17070806	[ERROR]
17070807	[ERROR]
17070808	[ERROR]
17070809	[ERROR]
17070810	[ERROR]
17070811	[ERROR]
17070812	[ERROR]
17070813	[ERROR]
17070814	[ERROR]
17070815	[ERROR]
17070816	[ERROR]
17070817	[ERROR]
17070818	[ERROR]
17070819	[ERROR]
17070820	[ERROR]
17070821	[ERROR]
17070822	[ERROR]
17070823	[ERROR]
17070824	[ERROR]
17070825	[ERROR]
17070900	[ERROR]Cold Treespear
17070901	[ERROR]
17070902	[ERROR]
17070903	[ERROR]
17070904	[ERROR]
17070905	[ERROR]
17070906	[ERROR]
17070907	[ERROR]
17070908	[ERROR]
17070909	[ERROR]
17070910	[ERROR]
17070911	[ERROR]
17070912	[ERROR]
17070913	[ERROR]
17070914	[ERROR]
17070915	[ERROR]
17070916	[ERROR]
17070917	[ERROR]
17070918	[ERROR]
17070919	[ERROR]
17070920	[ERROR]
17070921	[ERROR]
17070922	[ERROR]
17070923	[ERROR]
17070924	[ERROR]
17070925	[ERROR]
17071000	[ERROR]Poison Treespear
17071001	[ERROR]
17071002	[ERROR]
17071003	[ERROR]
17071004	[ERROR]
17071005	[ERROR]
17071006	[ERROR]
17071007	[ERROR]
17071008	[ERROR]
17071009	[ERROR]
17071010	[ERROR]
17071011	[ERROR]
17071012	[ERROR]
17071013	[ERROR]
17071014	[ERROR]
17071015	[ERROR]
17071016	[ERROR]
17071017	[ERROR]
17071018	[ERROR]
17071019	[ERROR]
17071020	[ERROR]
17071021	[ERROR]
17071022	[ERROR]
17071023	[ERROR]
17071024	[ERROR]
17071025	[ERROR]
17071100	[ERROR]Blood Treespear
17071101	[ERROR]
17071102	[ERROR]
17071103	[ERROR]
17071104	[ERROR]
17071105	[ERROR]
17071106	[ERROR]
17071107	[ERROR]
17071108	[ERROR]
17071109	[ERROR]
17071110	[ERROR]
17071111	[ERROR]
17071112	[ERROR]
17071113	[ERROR]
17071114	[ERROR]
17071115	[ERROR]
17071116	[ERROR]
17071117	[ERROR]
17071118	[ERROR]
17071119	[ERROR]
17071120	[ERROR]
17071121	[ERROR]
17071122	[ERROR]
17071123	[ERROR]
17071124	[ERROR]
17071125	[ERROR]
17071200	[ERROR]Occult Treespear
17071201	[ERROR]
17071202	[ERROR]
17071203	[ERROR]
17071204	[ERROR]
17071205	[ERROR]
17071206	[ERROR]
17071207	[ERROR]
17071208	[ERROR]
17071209	[ERROR]
17071210	[ERROR]
17071211	[ERROR]
17071212	[ERROR]
17071213	[ERROR]
17071214	[ERROR]
17071215	[ERROR]
17071216	[ERROR]
17071217	[ERROR]
17071218	[ERROR]
17071219	[ERROR]
17071220	[ERROR]
17071221	[ERROR]
17071222	[ERROR]
17071223	[ERROR]
17071224	[ERROR]
17071225	[ERROR]
17080000	Spear of the Dreaming
17090000	Cragsplitter
17500000	Spear of the Impaler
17510000	Messmer Soldier's Spear
17510100	Messmer Soldier's Heavy Spear
17510200	Messmer Soldier's Keen Spear
17510300	Messmer Soldier's Quality Spear
17510400	Messmer Soldier's Glint Spear
17510500	Messmer Soldier's Dragonkin Spear
17510600	Messmer Soldier's Gravity Spear
17510700	Messmer Soldier's Flame Spear
17510800	Messmer Soldier's Golden Spear
17510900	Messmer Soldier's Draconic Spear
17511000	Messmer Soldier's Bestial Spear
17511100	Messmer Soldier's Night Spear
17511200	Messmer Soldier's Lava Spear
17511300	Messmer Soldier's Frenzy Spear
17511400	Messmer Soldier's Death Spear
17511500	Messmer Soldier's Godslayer Spear
17511600	Messmer Soldier's Frost Spear
17511700	Messmer Soldier's Aberrant Spear
17511800	Messmer Soldier's Bloodflame Spear
17511900	Messmer Soldier's Rotten Spear
17512000	Messmer Soldier's Storm Spear
17512100	Messmer Soldier's Mystic Spear
17520000	Barbed Staff-Spear
17900000	[ERROR]
17910000	[ERROR]
18000000	Halberd
18000100	Heavy Halberd
18000200	Keen Halberd
18000300	Quality Halberd
18000400	Glint Halberd
18000500	Dragonkin Halberd
18000600	Gravity Halberd
18000700	Flame Halberd
18000800	Golden Halberd
18000900	Draconic Halberd
18001000	Bestial Halberd
18001100	Night Halberd
18001200	Lava Halberd
18001300	Frenzy Halberd
18001400	Death Halberd
18001500	Godslayer Halberd
18001600	Frost Halberd
18001700	Aberrant Halberd
18001800	Bloodflame Halberd
18001900	Rotten Halberd
18002000	Storm Halberd
18002100	Mystic Halberd
18010000	Pest's Glaive
18010100	Pest's Heavy Glaive
18010200	Pest's Keen Glaive
18010300	Pest's Quality Glaive
18010400	Pest's Glint Glaive
18010500	Pest's Dragonkin Glaive
18010600	Pest's Gravity Glaive
18010700	Pest's Flame Glaive
18010800	Pest's Golden Glaive
18010900	Pest's Draconic Glaive
18011000	Pest's Bestial Glaive
18011100	Pest's Night Glaive
18011200	Pest's Lava Glaive
18020000	Lucerne
18020100	Heavy Lucerne
18020200	Keen Lucerne
18020300	Quality Lucerne
18020400	Glint Lucerne
18020500	Dragonkin Lucerne
18020600	Gravity Lucerne
18020700	Flame Lucerne
18020800	Golden Lucerne
18020900	Draconic Lucerne
18021000	Bestial Lucerne
18021100	Night Lucerne
18021200	Lava Lucerne
18021300	Frenzy Lucerne
18021400	Death Lucerne
18021500	Godslayer Lucerne
18021600	Frost Lucerne
18021700	Aberrant Lucerne
18021800	Bloodflame Lucerne
18021900	Rotten Lucerne
18022000	Storm Lucerne
18022100	Mystic Lucerne
18030000	Banished Knight's Halberd
18030100	Banished Knight's Heavy Halberd
18030200	Banished Knight's Keen Halberd
18030300	Banished Knight's Quality Halberd
18030400	Banished Knight's Glint Halberd
18030500	Banished Knight's Dragonkin Halberd
18030600	Banished Knight's Gravity Halberd
18030700	Banished Knight's Flame Halberd
18030800	Banished Knight's Golden Halberd
18030900	Banished Knight's Draconic Halberd
18031000	Banished Knight's Bestial Halberd
18031100	Banished Knight's Night Halberd
18031200	Banished Knight's Lava Halberd
18031300	Banished Knight's Frenzy Halberd
18031400	Banished Knight's Death Halberd
18031500	Banished Knight's Godslayer Halberd
18031600	Banished Knight's Frost Halberd
18031700	Banished Knight's Aberrant Halberd
18031800	Banished Knight's Bloodflame Halberd
18031900	Banished Knight's Rotten Halberd
18032000	Banished Knight's Storm Halberd
18032100	Banished Knight's Mystic Halberd
18040000	Commander's Standard
18050000	Nightrider Glaive
18050100	Heavy Nightrider Glaive
18050200	Keen Nightrider Glaive
18050300	Quality Nightrider Glaive
18050400	Glint Nightrider Glaive
18050500	Dragonkin Nightrider Glaive
18050600	Gravity Nightrider Glaive
18050700	Flame Nightrider Glaive
18050800	Golden Nightrider Glaive
18050900	Draconic Nightrider Glaive
18051000	Bestial Nightrider Glaive
18051100	Night Nightrider Glaive
18051200	Lava Nightrider Glaive
18051300	Frenzy Nightrider Glaive
18051400	Death Nightrider Glaive
18051500	Godslayer Nightrider Glaive
18051600	Frost Nightrider Glaive
18051700	Aberrant Nightrider Glaive
18051800	Bloodflame Nightrider Glaive
18051900	Rotten Nightrider Glaive
18052000	Storm Nightrider Glaive
18052100	Mystic Nightrider Glaive
18060000	Ripple Crescent Halberd
18060100	Heavy Ripple Crescent Halberd
18060200	Keen Ripple Crescent Halberd
18060300	Quality Ripple Crescent Halberd
18060400	Glint Ripple Crescent Halberd
18060500	Dragonkin Ripple Crescent Halberd
18060600	Gravity Ripple Crescent Halberd
18060700	Flame Ripple Crescent Halberd
18060800	Golden Ripple Crescent Halberd
18060900	Draconic Ripple Crescent Halberd
18061000	Bestial Ripple Crescent Halberd
18061100	Night Ripple Crescent Halberd
18061200	Lava Ripple Crescent Halberd
18070000	Vulgar Militia Saw
18070100	Heavy Vulgar Militia Saw
18070200	Keen Vulgar Militia Saw
18070300	Quality Vulgar Militia Saw
18070400	Glint Vulgar Militia Saw
18070500	Dragonkin Vulgar Militia Saw
18070600	Gravity Vulgar Militia Saw
18070700	Flame Vulgar Militia Saw
18070800	Golden Vulgar Militia Saw
18070900	Draconic Vulgar Militia Saw
18071000	Bestial Vulgar Militia Saw
18071100	Night Vulgar Militia Saw
18071200	Lava Vulgar Militia Saw
18080000	Golden Halberd
18080100	Heavy Golden Halberd
18080200	Keen Golden Halberd
18080300	Quality Golden Halberd
18080400	Glint Golden Halberd
18080500	Dragonkin Golden Halberd
18080600	Gravity Golden Halberd
18080700	Flame Golden Halberd
18080800	Golden Golden Halberd
18080900	Draconic Golden Halberd
18081000	Bestial Golden Halberd
18081100	Night Golden Halberd
18081200	Lava Golden Halberd
18090000	Glaive
18090100	Heavy Glaive
18090200	Keen Glaive
18090300	Quality Glaive
18090400	Glint Glaive
18090500	Dragonkin Glaive
18090600	Gravity Glaive
18090700	Flame Glaive
18090800	Golden Glaive
18090900	Draconic Glaive
18091000	Bestial Glaive
18091100	Night Glaive
18091200	Lava Glaive
18091300	Frenzy Glaive
18091400	Death Glaive
18091500	Godslayer Glaive
18091600	Frost Glaive
18091700	Aberrant Glaive
18091800	Bloodflame Glaive
18091900	Rotten Glaive
18092000	Storm Glaive
18092100	Mystic Glaive
18100000	Loretta's War Sickle
18110000	Guardian's Spearblade
18110100	Guardian's Heavy Swordspear
18110200	Guardian's Keen Swordspear
18110300	Guardian's Quality Swordspear
18110400	Guardian's Glint Swordspear
18110500	Guardian's Dragonkin Swordspear
18110600	Guardian's Gravity Swordspear
18110700	Guardian's Flame Swordspear
18110800	Guardian's Golden Swordspear
18110900	Guardian's Draconic Swordspear
18111000	Guardian's Bestial Swordspear
18111100	Guardian's Night Swordspear
18111200	Guardian's Lava Swordspear
18115000	Guardian's Spearblade
18120000	Glaive of the Ancients
18130000	Vulgar Militia Shotel
18130100	Heavy Vulgar Militia Shotel
18130200	Keen Vulgar Militia Shotel
18130300	Quality Vulgar Militia Shotel
18130400	Glint Vulgar Militia Shotel
18130500	Dragonkin Vulgar Militia Shotel
18130600	Gravity Vulgar Militia Shotel
18130700	Flame Vulgar Militia Shotel
18130800	Golden Vulgar Militia Shotel
18130900	Draconic Vulgar Militia Shotel
18131000	Bestial Vulgar Militia Shotel
18131100	Night Vulgar Militia Shotel
18131200	Lava Vulgar Militia Shotel
18140000	Dragonkin Halberd
18140100	Heavy Dragon Halberd
18140200	Keen Dragon Halberd
18140300	Quality Dragon Halberd
18140400	Glint Dragon Halberd
18140500	Dragonkin Dragon Halberd
18140600	Gravity Dragon Halberd
18140700	Flame Dragon Halberd
18140800	Golden Dragon Halberd
18140900	Draconic Dragon Halberd
18141000	Bestial Dragon Halberd
18141100	Night Dragon Halberd
18141200	Lava Dragon Halberd
18150000	Gargoyle's Halberd
18150100	Gargoyle's Heavy Halberd
18150200	Gargoyle's Keen Halberd
18150300	Gargoyle's Quality Halberd
18150400	Gargoyle's Glint Halberd
18150500	Gargoyle's Dragonkin Halberd
18150600	Gargoyle's Gravity Halberd
18150700	Gargoyle's Flame Halberd
18150800	Gargoyle's Golden Halberd
18150900	Gargoyle's Draconic Halberd
18151000	Gargoyle's Bestial Halberd
18151100	Gargoyle's Night Halberd
18151200	Gargoyle's Lava Halberd
18160000	Gargoyle's Black Halberd
18160100	Heavy Gargoyle's Black Halberd
18160200	Keen Gargoyle's Black Halberd
18160300	Quality Gargoyle's Black Halberd
18160400	Glint Gargoyle's Black Halberd
18160500	Dragonkin Gargoyle's Black Halberd
18160600	Gravity Gargoyle's Black Halberd
18160700	Flame Gargoyle's Black Halberd
18160800	Golden Gargoyle's Black Halberd
18160900	Draconic Gargoyle's Black Halberd
18161000	Bestial Gargoyle's Black Halberd
18161100	Night Gargoyle's Black Halberd
18161200	Lava Gargoyle's Black Halberd
18170000	Reaver's Odachi
18180000	Rhys' Swordspear
18190000	Starcaller Mattock
18200000	Blightpole
18205000	Blightpole
18250000	Halberd of Archea
18500000	Spirit Glaive
18510000	Poleblade of the Bud
18520000	Glaive of the Crusade
19000000	Scythe
19000100	Heavy Scythe
19000200	Keen Scythe
19000300	Quality Scythe
19000400	Glint Scythe
19000500	Dragonkin Scythe
19000600	Gravity Scythe
19000700	Flame Scythe
19000800	Golden Scythe
19000900	Draconic Scythe
19001000	Bestial Scythe
19001100	Night Scythe
19001200	Lava Scythe
19001300	Frenzy Scythe
19001400	Death Scythe
19001500	Godslayer Scythe
19001600	Frost Scythe
19001700	Aberrant Scythe
19001800	Bloodflame Scythe
19001900	Rotten Scythe
19002000	Storm Scythe
19002100	Mystic Scythe
19010000	Grave Scythe
19010100	Heavy Grave Scythe
19010200	Keen Grave Scythe
19010300	Quality Grave Scythe
19010400	Glint Grave Scythe
19010500	Dragonkin Grave Scythe
19010600	Gravity Grave Scythe
19010700	Flame Grave Scythe
19010800	Golden Grave Scythe
19010900	Draconic Grave Scythe
19011000	Bestial Grave Scythe
19011100	Night Grave Scythe
19011200	Lava Grave Scythe
19011300	Frenzy Grave Scythe
19011400	Death Grave Scythe
19011500	Godslayer Grave Scythe
19011600	Frost Grave Scythe
19011700	Aberrant Grave Scythe
19011800	Bloodflame Grave Scythe
19011900	Rotten Grave Scythe
19012000	Storm Grave Scythe
19012100	Mystic Grave Scythe
19020000	Halo Scythe
19030000	Moon Breaker Scythe
19040000	War Scythe
19050000	Rosus' Harvester
19060000	Winged Scythe
19070000	Scarlet Triscythe
19500000	Obsidian Lamina
20000000	Whip
20000100	Heavy Whip
20000200	Keen Whip
20000300	Quality Whip
20000400	Glint Whip
20000500	Dragonkin Whip
20000600	Gravity Whip
20000700	Flame Whip
20000800	Golden Whip
20000900	Draconic Whip
20001000	Bestial Whip
20001100	Night Whip
20001200	Lava Whip
20001300	Frenzy Whip
20001400	Death Whip
20001500	Godslayer Whip
20001600	Frost Whip
20001700	Aberrant Whip
20001800	Bloodflame Whip
20001900	Rotten Whip
20002000	Storm Whip
20002100	Mystic Whip
20020000	Thorned Whip
20020100	Heavy Thorned Whip
20020200	Keen Thorned Whip
20020300	Quality Thorned Whip
20020400	Glint Thorned Whip
20020500	Dragonkin Thorned Whip
20020600	Gravity Thorned Whip
20020700	Flame Thorned Whip
20020800	Golden Thorned Whip
20020900	Draconic Thorned Whip
20021000	Bestial Thorned Whip
20021100	Night Thorned Whip
20021200	Lava Thorned Whip
20021300	Frenzy Thorned Whip
20021400	Death Thorned Whip
20021500	Godslayer Thorned Whip
20021600	Frost Thorned Whip
20021700	Aberrant Thorned Whip
20021800	Bloodflame Thorned Whip
20021900	Rotten Thorned Whip
20022000	Storm Thorned Whip
20022100	Mystic Thorned Whip
20030000	Magma Whip Candlestick
20030100	Heavy Lava Whip
20030200	Keen Lava Whip
20030300	Quality Lava Whip
20030400	Glint Lava Whip
20030500	Dragonkin Lava Whip
20030600	Gravity Lava Whip
20030700	Flame Lava Whip
20030800	Golden Lava Whip
20030900	Draconic Lava Whip
20031000	Bestial Lava Whip
20031100	Night Lava Whip
20031200	Lava Lava Whip
20050000	Hoslow's Petal Whip
20050100	Hoslow's Heavy Petal Whip
20050200	Hoslow's Keen Petal Whip
20050300	Hoslow's Quality Petal Whip
20050400	Hoslow's Glint Petal Whip
20050500	Hoslow's Dragonkin Petal Whip
20050600	Hoslow's Gravity Petal Whip
20050700	Hoslow's Flame Petal Whip
20050800	Hoslow's Golden Petal Whip
20050900	Hoslow's Draconic Petal Whip
20051000	Hoslow's Bestial Petal Whip
20051100	Hoslow's Night Petal Whip
20051200	Hoslow's Lava Petal Whip
20060000	Giant's Red Braid
20070000	Urumi
20070100	Heavy Urumi
20070200	Keen Urumi
20070300	Quality Urumi
20070400	Glint Urumi
20070500	Dragonkin Urumi
20070600	Gravity Urumi
20070700	Flame Urumi
20070800	Golden Urumi
20070900	Draconic Urumi
20071000	Bestial Urumi
20071100	Night Urumi
20071200	Lava Urumi
20071300	Frenzy Urumi
20071400	Death Urumi
20071500	Godslayer Urumi
20071600	Frost Urumi
20071700	Aberrant Urumi
20071800	Bloodflame Urumi
20071900	Rotten Urumi
20072000	Storm Urumi
20072100	Mystic Urumi
20500000	Tooth Whip
21000000	Caestus
21000100	Heavy Caestus
21000200	Keen Caestus
21000300	Quality Caestus
21000400	Glint Caestus
21000500	Dragonkin Caestus
21000600	Gravity Caestus
21000700	Flame Caestus
21000800	Golden Caestus
21000900	Draconic Caestus
21001000	Bestial Caestus
21001100	Night Caestus
21001200	Lava Caestus
21001300	Frenzy Caestus
21001400	Death Caestus
21001500	Godslayer Caestus
21001600	Frost Caestus
21001700	Aberrant Caestus
21001800	Bloodflame Caestus
21001900	Rotten Caestus
21002000	Storm Caestus
21002100	Mystic Caestus
21010000	Spiked Caestus
21010100	Heavy Spiked Caestus
21010200	Keen Spiked Caestus
21010300	Quality Spiked Caestus
21010400	Glint Spiked Caestus
21010500	Dragonkin Spiked Caestus
21010600	Gravity Spiked Caestus
21010700	Flame Spiked Caestus
21010800	Golden Spiked Caestus
21010900	Draconic Spiked Caestus
21011000	Bestial Spiked Caestus
21011100	Night Spiked Caestus
21011200	Lava Spiked Caestus
21011300	Frenzy Spiked Caestus
21011400	Death Spiked Caestus
21011500	Godslayer Spiked Caestus
21011600	Frost Spiked Caestus
21011700	Aberrant Spiked Caestus
21011800	Bloodflame Spiked Caestus
21011900	Rotten Spiked Caestus
21012000	Storm Spiked Caestus
21012100	Mystic Spiked Caestus
21020000	Daergraf's Opus
21060000	Grafted Dragon
21070000	Iron Ball
21070100	Heavy Iron Ball
21070200	Keen Iron Ball
21070300	Quality Iron Ball
21070400	Glint Iron Ball
21070500	Dragonkin Iron Ball
21070600	Gravity Iron Ball
21070700	Flame Iron Ball
21070800	Golden Iron Ball
21070900	Draconic Iron Ball
21071000	Bestial Iron Ball
21071100	Night Iron Ball
21071200	Lava Iron Ball
21071300	Frenzy Iron Ball
21071400	Death Iron Ball
21071500	Godslayer Iron Ball
21071600	Frost Iron Ball
21071700	Aberrant Iron Ball
21071800	Bloodflame Iron Ball
21071900	Rotten Iron Ball
21072000	Storm Iron Ball
21072100	Mystic Iron Ball
21080000	Star Fist
21080100	Heavy Star Fist
21080200	Keen Star Fist
21080300	Quality Star Fist
21080400	Glint Star Fist
21080500	Dragonkin Star Fist
21080600	Gravity Star Fist
21080700	Flame Star Fist
21080800	Golden Star Fist
21080900	Draconic Star Fist
21081000	Bestial Star Fist
21081100	Night Star Fist
21081200	Lava Star Fist
21081300	Frenzy Star Fist
21081400	Death Star Fist
21081500	Godslayer Star Fist
21081600	Frost Star Fist
21081700	Aberrant Star Fist
21081800	Bloodflame Star Fist
21081900	Rotten Star Fist
21082000	Storm Star Fist
21082100	Mystic Star Fist
21090000	Furnace Fists
21100000	Katar
21100100	Heavy Katar
21100200	Keen Katar
21100300	Quality Katar
21100400	Glint Katar
21100500	Dragonkin Katar
21100600	Gravity Katar
21100700	Flame Katar
21100800	Golden Katar
21100900	Draconic Katar
21101000	Bestial Katar
21101100	Night Katar
21101200	Lava Katar
21101300	Frenzy Katar
21101400	Death Katar
21101500	Godslayer Katar
21101600	Frost Katar
21101700	Aberrant Katar
21101800	Bloodflame Katar
21101900	Rotten Katar
21102000	Storm Katar
21102100	Mystic Katar
21110000	Clinging Bone
21120000	Veteran's Prosthesis
21130000	Cipher Pata
21500000	Thiollier's Hidden Needle
21510000	Pata
21510100	Heavy Pata
21510200	Keen Pata
21510300	Quality Pata
21510400	Glint Pata
21510500	Dragonkin Pata
21510600	Gravity Pata
21510700	Flame Pata
21510800	Golden Pata
21510900	Draconic Pata
21511000	Bestial Pata
21511100	Night Pata
21511200	Lava Pata
21511300	Frenzy Pata
21511400	Death Pata
21511500	Godslayer Pata
21511600	Frost Pata
21511700	Aberrant Pata
21511800	Bloodflame Pata
21511900	Rotten Pata
21512000	Storm Pata
21512100	Mystic Pata
21520000	Poisoned Hand
21530000	Madding Hand
21540000	Golem Fist
21540100	Heavy Golem Fist
21540200	Keen Golem Fist
21540300	Quality Golem Fist
21540400	Glint Golem Fist
21540500	Dragonkin Golem Fist
21540600	Gravity Golem Fist
21540700	Flame Golem Fist
21540800	Golden Golem Fist
21540900	Draconic Golem Fist
21541000	Bestial Golem Fist
21541100	Night Golem Fist
21541200	Lava Golem Fist
21541300	Frenzy Golem Fist
21541400	Death Golem Fist
21541500	Godslayer Golem Fist
21541600	Frost Golem Fist
21541700	Aberrant Golem Fist
21541800	Bloodflame Golem Fist
21541900	Rotten Golem Fist
21542000	Storm Golem Fist
21542100	Mystic Golem Fist
21550000	Shield of Night
22000000	Hookclaws
22000100	Heavy Hookclaws
22000200	Keen Hookclaws
22000300	Quality Hookclaws
22000400	Glint Hookclaws
22000500	Dragonkin Hookclaws
22000600	Gravity Hookclaws
22000700	Flame Hookclaws
22000800	Golden Hookclaws
22000900	Draconic Hookclaws
22001000	Bestial Hookclaws
22001100	Night Hookclaws
22001200	Lava Hookclaws
22001300	Frenzy Hookclaws
22001400	Death Hookclaws
22001500	Godslayer Hookclaws
22001600	Frost Hookclaws
22001700	Aberrant Hookclaws
22001800	Bloodflame Hookclaws
22001900	Rotten Hookclaws
22002000	Storm Hookclaws
22002100	Mystic Hookclaws
22010000	Venomous Fang
22010100	Heavy Venomous Fang
22010200	Keen Venomous Fang
22010300	Quality Venomous Fang
22010400	Glint Venomous Fang
22010500	Dragonkin Venomous Fang
22010600	Gravity Venomous Fang
22010700	Flame Venomous Fang
22010800	Golden Venomous Fang
22010900	Draconic Venomous Fang
22011000	Bestial Venomous Fang
22011100	Night Venomous Fang
22011200	Lava Venomous Fang
22011300	Frenzy Venomous Fang
22011400	Death Venomous Fang
22011500	Godslayer Venomous Fang
22011600	Frost Venomous Fang
22011700	Aberrant Venomous Fang
22011800	Bloodflame Venomous Fang
22011900	Rotten Venomous Fang
22012000	Storm Venomous Fang
22012100	Mystic Venomous Fang
22020000	Bloodhound Claws
22020100	Heavy Bloodhound Claws
22020200	Keen Bloodhound Claws
22020300	Quality Bloodhound Claws
22020400	Glint Bloodhound Claws
22020500	Dragonkin Bloodhound Claws
22020600	Gravity Bloodhound Claws
22020700	Flame Bloodhound Claws
22020800	Golden Bloodhound Claws
22020900	Draconic Bloodhound Claws
22021000	Bestial Bloodhound Claws
22021100	Night Bloodhound Claws
22021200	Lava Bloodhound Claws
22030000	Raptor Talons
22030100	Heavy Raptor Talons
22030200	Keen Raptor Talons
22030300	Quality Raptor Talons
22030400	Glint Raptor Talons
22030500	Dragonkin Raptor Talons
22030600	Gravity Raptor Talons
22030700	Flame Raptor Talons
22030800	Golden Raptor Talons
22030900	Draconic Raptor Talons
22031000	Bestial Raptor Talons
22031100	Night Raptor Talons
22031200	Lava Raptor Talons
22031300	Frenzy Raptor Talons
22031400	Death Raptor Talons
22031500	Godslayer Raptor Talons
22031600	Frost Raptor Talons
22031700	Aberrant Raptor Talons
22031800	Bloodflame Raptor Talons
22031900	Rotten Raptor Talons
22032000	Storm Raptor Talons
22032100	Mystic Raptor Talons
22040000	Stone Claws
22050000	Emyr's Great Talons
22500000	Claws of Night
23000000	Prelate's Inferno Crozier
23000100	Prelate's Heavy Inferno Crozier
23000200	Prelate's Keen Inferno Crozier
23000300	Prelate's Quality Inferno Crozier
23000400	Prelate's Glint Inferno Crozier
23000500	Prelate's Dragonkin Inferno Crozier
23000600	Prelate's Gravity Inferno Crozier
23000700	Prelate's Flame Inferno Crozier
23000800	Prelate's Golden Inferno Crozier
23000900	Prelate's Draconic Inferno Crozier
23001000	Prelate's Bestial Inferno Crozier
23001100	Prelate's Night Inferno Crozier
23001200	Prelate's Lava Inferno Crozier
23010000	Watchdog's Staff
23010100	Heavy Watchdog's Crosier
23010200	Keen Watchdog's Crosier
23010300	Quality Watchdog's Crosier
23010400	Glint Watchdog's Crosier
23010500	Dragonkin Watchdog's Crosier
23010600	Gravity Watchdog's Crosier
23010700	Flame Watchdog's Crosier
23010800	Golden Watchdog's Crosier
23010900	Draconic Watchdog's Crosier
23011000	Bestial Watchdog's Crosier
23011100	Night Watchdog's Crosier
23011200	Lava Watchdog's Crosier
23020000	Great Club
23020100	[ERROR]Heavy Great Club
23020101	[ERROR]
23020102	[ERROR]
23020103	[ERROR]
23020104	[ERROR]
23020105	[ERROR]
23020106	[ERROR]
23020107	[ERROR]
23020108	[ERROR]
23020109	[ERROR]
23020110	[ERROR]
23020111	[ERROR]
23020112	[ERROR]
23020113	[ERROR]
23020114	[ERROR]
23020115	[ERROR]
23020116	[ERROR]
23020117	[ERROR]
23020118	[ERROR]
23020119	[ERROR]
23020120	[ERROR]
23020121	[ERROR]
23020122	[ERROR]
23020123	[ERROR]
23020124	[ERROR]
23020125	[ERROR]
23020200	[ERROR]Keen Great Club
23020201	[ERROR]
23020202	[ERROR]
23020203	[ERROR]
23020204	[ERROR]
23020205	[ERROR]
23020206	[ERROR]
23020207	[ERROR]
23020208	[ERROR]
23020209	[ERROR]
23020210	[ERROR]
23020211	[ERROR]
23020212	[ERROR]
23020213	[ERROR]
23020214	[ERROR]
23020215	[ERROR]
23020216	[ERROR]
23020217	[ERROR]
23020218	[ERROR]
23020219	[ERROR]
23020220	[ERROR]
23020221	[ERROR]
23020222	[ERROR]
23020223	[ERROR]
23020224	[ERROR]
23020225	[ERROR]
23020300	[ERROR]Quality Great Club
23020301	[ERROR]
23020302	[ERROR]
23020303	[ERROR]
23020304	[ERROR]
23020305	[ERROR]
23020306	[ERROR]
23020307	[ERROR]
23020308	[ERROR]
23020309	[ERROR]
23020310	[ERROR]
23020311	[ERROR]
23020312	[ERROR]
23020313	[ERROR]
23020314	[ERROR]
23020315	[ERROR]
23020316	[ERROR]
23020317	[ERROR]
23020318	[ERROR]
23020319	[ERROR]
23020320	[ERROR]
23020321	[ERROR]
23020322	[ERROR]
23020323	[ERROR]
23020324	[ERROR]
23020325	[ERROR]
23020400	[ERROR]Fire Great Club
23020401	[ERROR]
23020402	[ERROR]
23020403	[ERROR]
23020404	[ERROR]
23020405	[ERROR]
23020406	[ERROR]
23020407	[ERROR]
23020408	[ERROR]
23020409	[ERROR]
23020410	[ERROR]
23020411	[ERROR]
23020412	[ERROR]
23020413	[ERROR]
23020414	[ERROR]
23020415	[ERROR]
23020416	[ERROR]
23020417	[ERROR]
23020418	[ERROR]
23020419	[ERROR]
23020420	[ERROR]
23020421	[ERROR]
23020422	[ERROR]
23020423	[ERROR]
23020424	[ERROR]
23020425	[ERROR]
23020500	[ERROR]Flame Art Great Club
23020501	[ERROR]
23020502	[ERROR]
23020503	[ERROR]
23020504	[ERROR]
23020505	[ERROR]
23020506	[ERROR]
23020507	[ERROR]
23020508	[ERROR]
23020509	[ERROR]
23020510	[ERROR]
23020511	[ERROR]
23020512	[ERROR]
23020513	[ERROR]
23020514	[ERROR]
23020515	[ERROR]
23020516	[ERROR]
23020517	[ERROR]
23020518	[ERROR]
23020519	[ERROR]
23020520	[ERROR]
23020521	[ERROR]
23020522	[ERROR]
23020523	[ERROR]
23020524	[ERROR]
23020525	[ERROR]
23020600	[ERROR]Lightning Great Club
23020601	[ERROR]
23020602	[ERROR]
23020603	[ERROR]
23020604	[ERROR]
23020605	[ERROR]
23020606	[ERROR]
23020607	[ERROR]
23020608	[ERROR]
23020609	[ERROR]
23020610	[ERROR]
23020611	[ERROR]
23020612	[ERROR]
23020613	[ERROR]
23020614	[ERROR]
23020615	[ERROR]
23020616	[ERROR]
23020617	[ERROR]
23020618	[ERROR]
23020619	[ERROR]
23020620	[ERROR]
23020621	[ERROR]
23020622	[ERROR]
23020623	[ERROR]
23020624	[ERROR]
23020625	[ERROR]
23020700	[ERROR]Sacred Great Club
23020701	[ERROR]
23020702	[ERROR]
23020703	[ERROR]
23020704	[ERROR]
23020705	[ERROR]
23020706	[ERROR]
23020707	[ERROR]
23020708	[ERROR]
23020709	[ERROR]
23020710	[ERROR]
23020711	[ERROR]
23020712	[ERROR]
23020713	[ERROR]
23020714	[ERROR]
23020715	[ERROR]
23020716	[ERROR]
23020717	[ERROR]
23020718	[ERROR]
23020719	[ERROR]
23020720	[ERROR]
23020721	[ERROR]
23020722	[ERROR]
23020723	[ERROR]
23020724	[ERROR]
23020725	[ERROR]
23020800	[ERROR]Magic Great Club
23020801	[ERROR]
23020802	[ERROR]
23020803	[ERROR]
23020804	[ERROR]
23020805	[ERROR]
23020806	[ERROR]
23020807	[ERROR]
23020808	[ERROR]
23020809	[ERROR]
23020810	[ERROR]
23020811	[ERROR]
23020812	[ERROR]
23020813	[ERROR]
23020814	[ERROR]
23020815	[ERROR]
23020816	[ERROR]
23020817	[ERROR]
23020818	[ERROR]
23020819	[ERROR]
23020820	[ERROR]
23020821	[ERROR]
23020822	[ERROR]
23020823	[ERROR]
23020824	[ERROR]
23020825	[ERROR]
23020900	[ERROR]Cold Great Club
23020901	[ERROR]
23020902	[ERROR]
23020903	[ERROR]
23020904	[ERROR]
23020905	[ERROR]
23020906	[ERROR]
23020907	[ERROR]
23020908	[ERROR]
23020909	[ERROR]
23020910	[ERROR]
23020911	[ERROR]
23020912	[ERROR]
23020913	[ERROR]
23020914	[ERROR]
23020915	[ERROR]
23020916	[ERROR]
23020917	[ERROR]
23020918	[ERROR]
23020919	[ERROR]
23020920	[ERROR]
23020921	[ERROR]
23020922	[ERROR]
23020923	[ERROR]
23020924	[ERROR]
23020925	[ERROR]
23021000	[ERROR]Poison Great Club
23021001	[ERROR]
23021002	[ERROR]
23021003	[ERROR]
23021004	[ERROR]
23021005	[ERROR]
23021006	[ERROR]
23021007	[ERROR]
23021008	[ERROR]
23021009	[ERROR]
23021010	[ERROR]
23021011	[ERROR]
23021012	[ERROR]
23021013	[ERROR]
23021014	[ERROR]
23021015	[ERROR]
23021016	[ERROR]
23021017	[ERROR]
23021018	[ERROR]
23021019	[ERROR]
23021020	[ERROR]
23021021	[ERROR]
23021022	[ERROR]
23021023	[ERROR]
23021024	[ERROR]
23021025	[ERROR]
23021100	[ERROR]Blood Great Club
23021101	[ERROR]
23021102	[ERROR]
23021103	[ERROR]
23021104	[ERROR]
23021105	[ERROR]
23021106	[ERROR]
23021107	[ERROR]
23021108	[ERROR]
23021109	[ERROR]
23021110	[ERROR]
23021111	[ERROR]
23021112	[ERROR]
23021113	[ERROR]
23021114	[ERROR]
23021115	[ERROR]
23021116	[ERROR]
23021117	[ERROR]
23021118	[ERROR]
23021119	[ERROR]
23021120	[ERROR]
23021121	[ERROR]
23021122	[ERROR]
23021123	[ERROR]
23021124	[ERROR]
23021125	[ERROR]
23021200	[ERROR]Occult Great Club
23021201	[ERROR]
23021202	[ERROR]
23021203	[ERROR]
23021204	[ERROR]
23021205	[ERROR]
23021206	[ERROR]
23021207	[ERROR]
23021208	[ERROR]
23021209	[ERROR]
23021210	[ERROR]
23021211	[ERROR]
23021212	[ERROR]
23021213	[ERROR]
23021214	[ERROR]
23021215	[ERROR]
23021216	[ERROR]
23021217	[ERROR]
23021218	[ERROR]
23021219	[ERROR]
23021220	[ERROR]
23021221	[ERROR]
23021222	[ERROR]
23021223	[ERROR]
23021224	[ERROR]
23021225	[ERROR]
23030000	Envoy's Greathorn
23040000	Duelist Greataxe
23040100	Heavy Duelist Greataxe
23040200	Keen Duelist Greataxe
23040300	Quality Duelist Greataxe
23040400	Glint Duelist Greataxe
23040500	Dragonkin Duelist Greataxe
23040600	Gravity Duelist Greataxe
23040700	Flame Duelist Greataxe
23040800	Golden Duelist Greataxe
23040900	Draconic Duelist Greataxe
23041000	Bestial Duelist Greataxe
23041100	Night Duelist Greataxe
23041200	Lava Duelist Greataxe
23041300	Frenzy Duelist Greataxe
23041400	Death Duelist Greataxe
23041500	Godslayer Duelist Greataxe
23041600	Frost Duelist Greataxe
23041700	Aberrant Duelist Greataxe
23041800	Bloodflame Duelist Greataxe
23041900	Rotten Duelist Greataxe
23042000	Storm Duelist Greataxe
23042100	Mystic Duelist Greataxe
23050000	Axe of Godfrey
23060000	Dragon Greatclaw
23070000	Staff of the Avatar
23080000	Fallingstar Beast Jaw
23090000	Greatstaff of Decay
23100000	Ghiza's Wheel
23110000	Giant-Crusher
23110100	Heavy Giant-Crusher
23110200	Keen Giant-Crusher
23110300	Quality Giant-Crusher
23110400	Glint Giant-Crusher
23110500	Dragonkin Giant-Crusher
23110600	Gravity Giant-Crusher
23110700	Flame Giant-Crusher
23110800	Golden Giant-Crusher
23110900	Draconic Giant-Crusher
23111000	Bestial Giant-Crusher
23111100	Night Giant-Crusher
23111200	Lava Giant-Crusher
23111300	Frenzy Giant-Crusher
23111400	Death Giant-Crusher
23111500	Godslayer Giant-Crusher
23111600	Frost Giant-Crusher
23111700	Aberrant Giant-Crusher
23111800	Bloodflame Giant-Crusher
23111900	Rotten Giant-Crusher
23112000	Storm Giant-Crusher
23112100	Mystic Giant-Crusher
23120000	Golem's Halberd
23120100	Golem's Heavy Halberd
23120200	Golem's Keen Halberd
23120300	Golem's Quality Halberd
23120400	Golem's Glint Halberd
23120500	Golem's Dragonkin Halberd
23120600	Golem's Gravity Halberd
23120700	Golem's Flame Halberd
23120800	Golem's Golden Halberd
23120900	Golem's Draconic Halberd
23121000	Golem's Bestial Halberd
23121100	Golem's Night Halberd
23121200	Golem's Lava Halberd
23121300	Golem's Frenzy Halberd
23121400	Golem's Death Halberd
23121500	Golem's Godslayer Halberd
23121600	Golem's Frost Halberd
23121700	Golem's Aberrant Halberd
23121800	Golem's Bloodflame Halberd
23121900	Golem's Rotten Halberd
23122000	Golem's Storm Halberd
23122100	Golem's Mystic Halberd
23130000	Troll's Hammer
23130100	[ERROR]Troll's Heavy Hammer
23130101	[ERROR]
23130102	[ERROR]
23130103	[ERROR]
23130104	[ERROR]
23130105	[ERROR]
23130106	[ERROR]
23130107	[ERROR]
23130108	[ERROR]
23130109	[ERROR]
23130110	[ERROR]
23130111	[ERROR]
23130112	[ERROR]
23130113	[ERROR]
23130114	[ERROR]
23130115	[ERROR]
23130116	[ERROR]
23130117	[ERROR]
23130118	[ERROR]
23130119	[ERROR]
23130120	[ERROR]
23130121	[ERROR]
23130122	[ERROR]
23130123	[ERROR]
23130124	[ERROR]
23130125	[ERROR]
23130200	[ERROR]Troll's Keen Hammer
23130201	[ERROR]
23130202	[ERROR]
23130203	[ERROR]
23130204	[ERROR]
23130205	[ERROR]
23130206	[ERROR]
23130207	[ERROR]
23130208	[ERROR]
23130209	[ERROR]
23130210	[ERROR]
23130211	[ERROR]
23130212	[ERROR]
23130213	[ERROR]
23130214	[ERROR]
23130215	[ERROR]
23130216	[ERROR]
23130217	[ERROR]
23130218	[ERROR]
23130219	[ERROR]
23130220	[ERROR]
23130221	[ERROR]
23130222	[ERROR]
23130223	[ERROR]
23130224	[ERROR]
23130225	[ERROR]
23130300	[ERROR]Troll's Quality Hammer
23130301	[ERROR]
23130302	[ERROR]
23130303	[ERROR]
23130304	[ERROR]
23130305	[ERROR]
23130306	[ERROR]
23130307	[ERROR]
23130308	[ERROR]
23130309	[ERROR]
23130310	[ERROR]
23130311	[ERROR]
23130312	[ERROR]
23130313	[ERROR]
23130314	[ERROR]
23130315	[ERROR]
23130316	[ERROR]
23130317	[ERROR]
23130318	[ERROR]
23130319	[ERROR]
23130320	[ERROR]
23130321	[ERROR]
23130322	[ERROR]
23130323	[ERROR]
23130324	[ERROR]
23130325	[ERROR]
23130400	[ERROR]Troll's Fire Hammer
23130401	[ERROR]
23130402	[ERROR]
23130403	[ERROR]
23130404	[ERROR]
23130405	[ERROR]
23130406	[ERROR]
23130407	[ERROR]
23130408	[ERROR]
23130409	[ERROR]
23130410	[ERROR]
23130411	[ERROR]
23130412	[ERROR]
23130413	[ERROR]
23130414	[ERROR]
23130415	[ERROR]
23130416	[ERROR]
23130417	[ERROR]
23130418	[ERROR]
23130419	[ERROR]
23130420	[ERROR]
23130421	[ERROR]
23130422	[ERROR]
23130423	[ERROR]
23130424	[ERROR]
23130425	[ERROR]
23130500	[ERROR]Troll's Flame Art Hammer
23130501	[ERROR]
23130502	[ERROR]
23130503	[ERROR]
23130504	[ERROR]
23130505	[ERROR]
23130506	[ERROR]
23130507	[ERROR]
23130508	[ERROR]
23130509	[ERROR]
23130510	[ERROR]
23130511	[ERROR]
23130512	[ERROR]
23130513	[ERROR]
23130514	[ERROR]
23130515	[ERROR]
23130516	[ERROR]
23130517	[ERROR]
23130518	[ERROR]
23130519	[ERROR]
23130520	[ERROR]
23130521	[ERROR]
23130522	[ERROR]
23130523	[ERROR]
23130524	[ERROR]
23130525	[ERROR]
23130600	[ERROR]Troll's Lightning Hammer
23130601	[ERROR]
23130602	[ERROR]
23130603	[ERROR]
23130604	[ERROR]
23130605	[ERROR]
23130606	[ERROR]
23130607	[ERROR]
23130608	[ERROR]
23130609	[ERROR]
23130610	[ERROR]
23130611	[ERROR]
23130612	[ERROR]
23130613	[ERROR]
23130614	[ERROR]
23130615	[ERROR]
23130616	[ERROR]
23130617	[ERROR]
23130618	[ERROR]
23130619	[ERROR]
23130620	[ERROR]
23130621	[ERROR]
23130622	[ERROR]
23130623	[ERROR]
23130624	[ERROR]
23130625	[ERROR]
23130700	[ERROR]Troll's Sacred Hammer
23130701	[ERROR]
23130702	[ERROR]
23130703	[ERROR]
23130704	[ERROR]
23130705	[ERROR]
23130706	[ERROR]
23130707	[ERROR]
23130708	[ERROR]
23130709	[ERROR]
23130710	[ERROR]
23130711	[ERROR]
23130712	[ERROR]
23130713	[ERROR]
23130714	[ERROR]
23130715	[ERROR]
23130716	[ERROR]
23130717	[ERROR]
23130718	[ERROR]
23130719	[ERROR]
23130720	[ERROR]
23130721	[ERROR]
23130722	[ERROR]
23130723	[ERROR]
23130724	[ERROR]
23130725	[ERROR]
23130800	[ERROR]Troll's Magic Hammer
23130801	[ERROR]
23130802	[ERROR]
23130803	[ERROR]
23130804	[ERROR]
23130805	[ERROR]
23130806	[ERROR]
23130807	[ERROR]
23130808	[ERROR]
23130809	[ERROR]
23130810	[ERROR]
23130811	[ERROR]
23130812	[ERROR]
23130813	[ERROR]
23130814	[ERROR]
23130815	[ERROR]
23130816	[ERROR]
23130817	[ERROR]
23130818	[ERROR]
23130819	[ERROR]
23130820	[ERROR]
23130821	[ERROR]
23130822	[ERROR]
23130823	[ERROR]
23130824	[ERROR]
23130825	[ERROR]
23130900	[ERROR]Troll's Cold Hammer
23130901	[ERROR]
23130902	[ERROR]
23130903	[ERROR]
23130904	[ERROR]
23130905	[ERROR]
23130906	[ERROR]
23130907	[ERROR]
23130908	[ERROR]
23130909	[ERROR]
23130910	[ERROR]
23130911	[ERROR]
23130912	[ERROR]
23130913	[ERROR]
23130914	[ERROR]
23130915	[ERROR]
23130916	[ERROR]
23130917	[ERROR]
23130918	[ERROR]
23130919	[ERROR]
23130920	[ERROR]
23130921	[ERROR]
23130922	[ERROR]
23130923	[ERROR]
23130924	[ERROR]
23130925	[ERROR]
23131000	[ERROR]Troll's Poison Hammer
23131001	[ERROR]
23131002	[ERROR]
23131003	[ERROR]
23131004	[ERROR]
23131005	[ERROR]
23131006	[ERROR]
23131007	[ERROR]
23131008	[ERROR]
23131009	[ERROR]
23131010	[ERROR]
23131011	[ERROR]
23131012	[ERROR]
23131013	[ERROR]
23131014	[ERROR]
23131015	[ERROR]
23131016	[ERROR]
23131017	[ERROR]
23131018	[ERROR]
23131019	[ERROR]
23131020	[ERROR]
23131021	[ERROR]
23131022	[ERROR]
23131023	[ERROR]
23131024	[ERROR]
23131025	[ERROR]
23131100	[ERROR]Troll's Blood Hammer
23131101	[ERROR]
23131102	[ERROR]
23131103	[ERROR]
23131104	[ERROR]
23131105	[ERROR]
23131106	[ERROR]
23131107	[ERROR]
23131108	[ERROR]
23131109	[ERROR]
23131110	[ERROR]
23131111	[ERROR]
23131112	[ERROR]
23131113	[ERROR]
23131114	[ERROR]
23131115	[ERROR]
23131116	[ERROR]
23131117	[ERROR]
23131118	[ERROR]
23131119	[ERROR]
23131120	[ERROR]
23131121	[ERROR]
23131122	[ERROR]
23131123	[ERROR]
23131124	[ERROR]
23131125	[ERROR]
23131200	[ERROR]Troll's Occult Hammer
23131201	[ERROR]
23131202	[ERROR]
23131203	[ERROR]
23131204	[ERROR]
23131205	[ERROR]
23131206	[ERROR]
23131207	[ERROR]
23131208	[ERROR]
23131209	[ERROR]
23131210	[ERROR]
23131211	[ERROR]
23131212	[ERROR]
23131213	[ERROR]
23131214	[ERROR]
23131215	[ERROR]
23131216	[ERROR]
23131217	[ERROR]
23131218	[ERROR]
23131219	[ERROR]
23131220	[ERROR]
23131221	[ERROR]
23131222	[ERROR]
23131223	[ERROR]
23131224	[ERROR]
23131225	[ERROR]
23140000	Rotten Staff
23150000	Rotten Greataxe
23150100	Heavy Rotten Greataxe
23150200	Keen Rotten Greataxe
23150300	Quality Rotten Greataxe
23150400	Glint Rotten Greataxe
23150500	Dragonkin Rotten Greataxe
23150600	Gravity Rotten Greataxe
23150700	Flame Rotten Greataxe
23150800	Golden Rotten Greataxe
23150900	Draconic Rotten Greataxe
23151000	Bestial Rotten Greataxe
23151100	Night Rotten Greataxe
23151200	Lava Rotten Greataxe
23160000	Lodestone of Gelmir
23170000	Crystaline Claw
23500000	Devonia's Hammer
23510000	Shadow Sunflower Blossom
23520000	Gazing Finger
23900000	[ERROR]
23910000	[ERROR]
23920000	[ERROR]
23930000	[ERROR]
24000000	Torch
24020000	Steel-Wire Torch
24040000	St. Trina's Torch
24050000	Ghostflame Torch
24060000	Beast-Repellent Torch
24070000	Sentry's Torch
24500000	Nanaya's Torch
24510000	Lamenting Visage
30000000	Buckler
30000100	Heavy Buckler
30000200	Keen Buckler
30000300	Quality Buckler
30000400	Glint Buckler
30000500	Dragonkin Buckler
30000600	Gravity Buckler
30000700	Flame Buckler
30000800	Golden Buckler
30000900	Draconic Buckler
30001000	Bestial Buckler
30001100	Night Buckler
30001200	Lava Buckler
30010000	Perfumer's Shield
30010100	Perfumer's Heavy Shield
30010200	Perfumer's Keen Shield
30010300	Perfumer's Quality Shield
30010400	Perfumer's Glint Shield
30010500	Perfumer's Dragonkin Shield
30010600	Perfumer's Gravity Shield
30010700	Perfumer's Flame Shield
30010800	Perfumer's Golden Shield
30010900	Perfumer's Draconic Shield
30011000	Perfumer's Bestial Shield
30011100	Perfumer's Night Shield
30011200	Perfumer's Lava Shield
30020000	Man-Serpent's Shield
30020100	Man-Serpent's Heavy Shield
30020200	Man-Serpent's Keen Shield
30020300	Man-Serpent's Quality Shield
30020400	Man-Serpent's Glint Shield
30020500	Man-Serpent's Dragonkin Shield
30020600	Man-Serpent's Gravity Shield
30020700	Man-Serpent's Flame Shield
30020800	Man-Serpent's Golden Shield
30020900	Man-Serpent's Draconic Shield
30021000	Man-Serpent's Bestial Shield
30021100	Man-Serpent's Night Shield
30021200	Man-Serpent's Lava Shield
30030000	Rickety Shield
30030100	Heavy Rickety Shield
30030200	Keen Rickety Shield
30030300	Quality Rickety Shield
30030400	Glint Rickety Shield
30030500	Dragonkin Rickety Shield
30030600	Gravity Rickety Shield
30030700	Flame Rickety Shield
30030800	Golden Rickety Shield
30030900	Draconic Rickety Shield
30031000	Bestial Rickety Shield
30031100	Night Rickety Shield
30031200	Lava Rickety Shield
30040000	Pillory Shield
30040100	Heavy Pillory Shield
30040200	Keen Pillory Shield
30040300	Quality Pillory Shield
30040400	Glint Pillory Shield
30040500	Dragonkin Pillory Shield
30040600	Gravity Pillory Shield
30040700	Flame Pillory Shield
30040800	Golden Pillory Shield
30040900	Draconic Pillory Shield
30041000	Bestial Pillory Shield
30041100	Night Pillory Shield
30041200	Lava Pillory Shield
30060000	Beastman's Jar-Shield
30060100	Beastman's Heavy Jar-Shield
30060200	Beastman's Keen Jar-Shield
30060300	Beastman's Quality Jar-Shield
30060400	Beastman's Glint Jar-Shield
30060500	Beastman's Dragonkin Jar-Shield
30060600	Beastman's Gravity Jar-Shield
30060700	Beastman's Flame Jar-Shield
30060800	Beastman's Golden Jar-Shield
30060900	Beastman's Draconic Jar-Shield
30061000	Beastman's Bestial Jar-Shield
30061100	Beastman's Night Jar-Shield
30061200	Beastman's Lava Jar-Shield
30070000	Red Thorn Roundshield
30070100	Heavy Red Thorn Roundshield
30070200	Keen Red Thorn Roundshield
30070300	Quality Red Thorn Roundshield
30070400	Glint Red Thorn Roundshield
30070500	Dragonkin Red Thorn Roundshield
30070600	Gravity Red Thorn Roundshield
30070700	Flame Red Thorn Roundshield
30070800	Golden Red Thorn Roundshield
30070900	Draconic Red Thorn Roundshield
30071000	Bestial Red Thorn Roundshield
30071100	Night Red Thorn Roundshield
30071200	Lava Red Thorn Roundshield
30080000	Scripture Wooden Shield
30080100	Heavy Scripture Wooden Shield
30080200	Keen Scripture Wooden Shield
30080300	Quality Scripture Wooden Shield
30080400	Glint Scripture Wooden Shield
30080500	Dragonkin Scripture Wooden Shield
30080600	Gravity Scripture Wooden Shield
30080700	Flame Scripture Wooden Shield
30080800	Golden Scripture Wooden Shield
30080900	Draconic Scripture Wooden Shield
30081000	Bestial Scripture Wooden Shield
30081100	Night Scripture Wooden Shield
30081200	Lava Scripture Wooden Shield
30090000	Riveted Wooden Shield
30090100	Heavy Riveted Wooden Shield
30090200	Keen Riveted Wooden Shield
30090300	Quality Riveted Wooden Shield
30090400	Glint Riveted Wooden Shield
30090500	Dragonkin Riveted Wooden Shield
30090600	Gravity Riveted Wooden Shield
30090700	Flame Riveted Wooden Shield
30090800	Golden Riveted Wooden Shield
30090900	Draconic Riveted Wooden Shield
30091000	Bestial Riveted Wooden Shield
30091100	Night Riveted Wooden Shield
30091200	Lava Riveted Wooden Shield
30100000	Blue-White Wooden Shield
30100100	Heavy Blue-White Wooden Shield
30100200	Keen Blue-White Wooden Shield
30100300	Quality Blue-White Wooden Shield
30100400	Glint Blue-White Wooden Shield
30100500	Dragonkin Blue-White Wooden Shield
30100600	Gravity Blue-White Wooden Shield
30100700	Flame Blue-White Wooden Shield
30100800	Golden Blue-White Wooden Shield
30100900	Draconic Blue-White Wooden Shield
30101000	Bestial Blue-White Wooden Shield
30101100	Night Blue-White Wooden Shield
30101200	Lava Blue-White Wooden Shield
30110000	Rift Shield
30110100	Heavy Rift Shield
30110200	Keen Rift Shield
30110300	Quality Rift Shield
30110400	Glint Rift Shield
30110500	Dragonkin Rift Shield
30110600	Gravity Rift Shield
30110700	Flame Rift Shield
30110800	Golden Rift Shield
30110900	Draconic Rift Shield
30111000	Bestial Rift Shield
30111100	Night Rift Shield
30111200	Lava Rift Shield
30120000	Iron Roundshield
30120100	Heavy Iron Roundshield
30120200	Keen Iron Roundshield
30120300	Quality Iron Roundshield
30120400	Glint Iron Roundshield
30120500	Dragonkin Iron Roundshield
30120600	Gravity Iron Roundshield
30120700	Flame Iron Roundshield
30120800	Golden Iron Roundshield
30120900	Draconic Iron Roundshield
30121000	Bestial Iron Roundshield
30121100	Night Iron Roundshield
30121200	Lava Iron Roundshield
30130000	Gilded Iron Shield
30130100	Gilded Heavy Iron Shield
30130200	Gilded Keen Iron Shield
30130300	Gilded Quality Iron Shield
30130400	Gilded Glint Iron Shield
30130500	Gilded Dragonkin Iron Shield
30130600	Gilded Gravity Iron Shield
30130700	Gilded Flame Iron Shield
30130800	Gilded Golden Iron Shield
30130900	Gilded Draconic Iron Shield
30131000	Gilded Bestial Iron Shield
30131100	Gilded Night Iron Shield
30131200	Gilded Lava Iron Shield
30140000	Ice Crest Shield
30140100	Heavy Ice Crest Shield
30140200	Keen Ice Crest Shield
30140300	Quality Ice Crest Shield
30140400	Glint Ice Crest Shield
30140500	Dragonkin Ice Crest Shield
30140600	Gravity Ice Crest Shield
30140700	Flame Ice Crest Shield
30140800	Golden Ice Crest Shield
30140900	Draconic Ice Crest Shield
30141000	Bestial Ice Crest Shield
30141100	Night Ice Crest Shield
30141200	Lava Ice Crest Shield
30150000	Smoldering Shield
30150100	Heavy Smoldering Shield
30150200	Keen Smoldering Shield
30150300	Quality Smoldering Shield
30150400	Glint Smoldering Shield
30150500	Dragonkin Smoldering Shield
30150600	Gravity Smoldering Shield
30150700	Flame Smoldering Shield
30150800	Golden Smoldering Shield
30150900	Draconic Smoldering Shield
30151000	Bestial Smoldering Shield
30151100	Night Smoldering Shield
30151200	Lava Smoldering Shield
30160000	Hermit's Buckler
30170000	Shield of Alacrity
30190000	Spiralhorn Shield
30190100	Heavy Spiralhorn Shield
30190200	Keen Spiralhorn Shield
30190300	Quality Spiralhorn Shield
30190400	Glint Spiralhorn Shield
30190500	Dragonkin Spiralhorn Shield
30190600	Gravity Spiralhorn Shield
30190700	Flame Spiralhorn Shield
30190800	Golden Spiralhorn Shield
30190900	Draconic Spiralhorn Shield
30191000	Bestial Spiralhorn Shield
30191100	Night Spiralhorn Shield
30191200	Lava Spiralhorn Shield
30200000	Coil Shield
30300000	Crest of the Dragon Cult
30510000	Smithscript Shield
31000000	Kite Shield
31000100	Heavy Kite Shield
31000200	Keen Kite Shield
31000300	Quality Kite Shield
31000400	Glint Kite Shield
31000500	Dragonkin Kite Shield
31000600	Gravity Kite Shield
31000700	Flame Kite Shield
31000800	Golden Kite Shield
31000900	Draconic Kite Shield
31001000	Bestial Kite Shield
31001100	Night Kite Shield
31001200	Lava Kite Shield
31010000	Marred Leather Shield
31010100	Marred Heavy Leather Shield
31010200	Marred Keen Leather Shield
31010300	Marred Quality Leather Shield
31010400	Marred Glint Leather Shield
31010500	Marred Dragonkin Leather Shield
31010600	Marred Gravity Leather Shield
31010700	Marred Flame Leather Shield
31010800	Marred Golden Leather Shield
31010900	Marred Draconic Leather Shield
31011000	Marred Bestial Leather Shield
31011100	Marred Night Leather Shield
31011200	Marred Lava Leather Shield
31020000	Marred Wooden Shield
31020100	Marred Heavy Wooden Shield
31020200	Marred Keen Wooden Shield
31020300	Marred Quality Wooden Shield
31020400	Marred Glint Wooden Shield
31020500	Marred Dragonkin Wooden Shield
31020600	Marred Gravity Wooden Shield
31020700	Marred Flame Wooden Shield
31020800	Marred Golden Wooden Shield
31020900	Marred Draconic Wooden Shield
31021000	Marred Bestial Wooden Shield
31021100	Marred Night Wooden Shield
31021200	Marred Lava Wooden Shield
31030000	Banished Knight's Shield
31030100	Banished Knight's Heavy Shield
31030200	Banished Knight's Keen Shield
31030300	Banished Knight's Quality Shield
31030400	Banished Knight's Glint Shield
31030500	Banished Knight's Dragonkin Shield
31030600	Banished Knight's Gravity Shield
31030700	Banished Knight's Flame Shield
31030800	Banished Knight's Golden Shield
31030900	Banished Knight's Draconic Shield
31031000	Banished Knight's Bestial Shield
31031100	Banished Knight's Night Shield
31031200	Banished Knight's Lava Shield
31040000	Albinauric Shield
31040100	Heavy Albinauric Shield
31040200	Keen Albinauric Shield
31040300	Quality Albinauric Shield
31040400	Glint Albinauric Shield
31040500	Dragonkin Albinauric Shield
31040600	Gravity Albinauric Shield
31040700	Flame Albinauric Shield
31040800	Golden Albinauric Shield
31040900	Draconic Albinauric Shield
31041000	Bestial Albinauric Shield
31041100	Night Albinauric Shield
31041200	Lava Albinauric Shield
31050000	Sun Realm Shield
31050100	Heavy Sun Realm Shield
31050200	Keen Sun Realm Shield
31050300	Quality Sun Realm Shield
31050400	Glint Sun Realm Shield
31050500	Dragonkin Sun Realm Shield
31050600	Gravity Sun Realm Shield
31050700	Flame Sun Realm Shield
31050800	Golden Sun Realm Shield
31050900	Draconic Sun Realm Shield
31051000	Bestial Sun Realm Shield
31051100	Night Sun Realm Shield
31051200	Lava Sun Realm Shield
31060000	Silver Mirrorshield
31070000	Round Shield
31070100	Heavy Round Shield
31070200	Keen Round Shield
31070300	Quality Round Shield
31070400	Glint Round Shield
31070500	Dragonkin Round Shield
31070600	Gravity Round Shield
31070700	Flame Round Shield
31070800	Golden Round Shield
31070900	Draconic Round Shield
31071000	Bestial Round Shield
31071100	Night Round Shield
31071200	Lava Round Shield
31080000	Scorpion Kite Shield
31080100	Heavy Scorpion Kite Shield
31080200	Keen Scorpion Kite Shield
31080300	Quality Scorpion Kite Shield
31080400	Glint Scorpion Kite Shield
31080500	Dragonkin Scorpion Kite Shield
31080600	Gravity Scorpion Kite Shield
31080700	Flame Scorpion Kite Shield
31080800	Golden Scorpion Kite Shield
31080900	Draconic Scorpion Kite Shield
31081000	Bestial Scorpion Kite Shield
31081100	Night Scorpion Kite Shield
31081200	Lava Scorpion Kite Shield
31090000	Twinbird Kite Shield
31090100	Heavy Twinbird Kite Shield
31090200	Keen Twinbird Kite Shield
31090300	Quality Twinbird Kite Shield
31090400	Glint Twinbird Kite Shield
31090500	Dragonkin Twinbird Kite Shield
31090600	Gravity Twinbird Kite Shield
31090700	Flame Twinbird Kite Shield
31090800	Golden Twinbird Kite Shield
31090900	Draconic Twinbird Kite Shield
31091000	Bestial Twinbird Kite Shield
31091100	Night Twinbird Kite Shield
31091200	Lava Twinbird Kite Shield
31100000	Blue-Gold Kite Shield
31100100	Heavy Blue-Gold Kite Shield
31100200	Keen Blue-Gold Kite Shield
31100300	Quality Blue-Gold Kite Shield
31100400	Glint Blue-Gold Kite Shield
31100500	Dragonkin Blue-Gold Kite Shield
31100600	Gravity Blue-Gold Kite Shield
31100700	Flame Blue-Gold Kite Shield
31100800	Golden Blue-Gold Kite Shield
31100900	Draconic Blue-Gold Kite Shield
31101000	Bestial Blue-Gold Kite Shield
31101100	Night Blue-Gold Kite Shield
31101200	Lava Blue-Gold Kite Shield
31130000	Brass Shield
31130100	Heavy Brass Shield
31130200	Keen Brass Shield
31130300	Quality Brass Shield
31130400	Glint Brass Shield
31130500	Dragonkin Brass Shield
31130600	Gravity Brass Shield
31130700	Flame Brass Shield
31130800	Golden Brass Shield
31130900	Draconic Brass Shield
31131000	Bestial Brass Shield
31131100	Night Brass Shield
31131200	Lava Brass Shield
31140000	Great Turtle Shell
31140100	Heavy Great Turtle Shell
31140200	Keen Great Turtle Shell
31140300	Quality Great Turtle Shell
31140400	Glint Great Turtle Shell
31140500	Dragonkin Great Turtle Shell
31140600	Gravity Great Turtle Shell
31140700	Flame Great Turtle Shell
31140800	Golden Great Turtle Shell
31140900	Draconic Great Turtle Shell
31141000	Bestial Great Turtle Shell
31141100	Night Great Turtle Shell
31141200	Lava Great Turtle Shell
31170000	Shield of the Guilty
31170100	Heavy Shield of the Guilty
31170200	Keen Shield of the Guilty
31170300	Quality Shield of the Guilty
31170400	Glint Shield of the Guilty
31170500	Dragonkin Shield of the Guilty
31170600	Gravity Shield of the Guilty
31170700	Flame Shield of the Guilty
31170800	Golden Shield of the Guilty
31170900	Draconic Shield of the Guilty
31171000	Bestial Shield of the Guilty
31171100	Night Shield of the Guilty
31171200	Lava Shield of the Guilty
31180000	Shield of Starlight
31190000	Carian Knight's Shield
31190100	Carian Knight's Heavy Shield
31190200	Carian Knight's Keen Shield
31190300	Carian Knight's Quality Shield
31190400	Carian Knight's Glint Shield
31190500	Carian Knight's Dragonkin Shield
31190600	Carian Knight's Gravity Shield
31190700	Carian Knight's Flame Shield
31190800	Carian Knight's Golden Shield
31190900	Carian Knight's Draconic Shield
31191000	Carian Knight's Bestial Shield
31191100	Carian Knight's Night Shield
31191200	Carian Knight's Lava Shield
31230000	Large Leather Shield
31230100	Heavy Large Leather Shield
31230200	Keen Large Leather Shield
31230300	Quality Large Leather Shield
31230400	Glint Large Leather Shield
31230500	Dragonkin Large Leather Shield
31230600	Gravity Large Leather Shield
31230700	Flame Large Leather Shield
31230800	Golden Large Leather Shield
31230900	Draconic Large Leather Shield
31231000	Bestial Large Leather Shield
31231100	Night Large Leather Shield
31231200	Lava Large Leather Shield
31240000	Horse Crest Wooden Shield
31240100	Heavy Horse Crest Wooden Shield
31240200	Keen Horse Crest Wooden Shield
31240300	Quality Horse Crest Wooden Shield
31240400	Glint Horse Crest Wooden Shield
31240500	Dragonkin Horse Crest Wooden Shield
31240600	Gravity Horse Crest Wooden Shield
31240700	Flame Horse Crest Wooden Shield
31240800	Golden Horse Crest Wooden Shield
31240900	Draconic Horse Crest Wooden Shield
31241000	Bestial Horse Crest Wooden Shield
31241100	Night Horse Crest Wooden Shield
31241200	Lava Horse Crest Wooden Shield
31250000	Candletree Wooden Shield
31250100	Heavy Candletree Wooden Shield
31250200	Keen Candletree Wooden Shield
31250300	Quality Candletree Wooden Shield
31250400	Glint Candletree Wooden Shield
31250500	Dragonkin Candletree Wooden Shield
31250600	Gravity Candletree Wooden Shield
31250700	Flame Candletree Wooden Shield
31250800	Golden Candletree Wooden Shield
31250900	Draconic Candletree Wooden Shield
31251000	Bestial Candletree Wooden Shield
31251100	Night Candletree Wooden Shield
31251200	Lava Candletree Wooden Shield
31260000	Flame Crest Wooden Shield
31260100	Heavy Flame Crest Wooden Shield
31260200	Keen Flame Crest Wooden Shield
31260300	Quality Flame Crest Wooden Shield
31260400	Glint Flame Crest Wooden Shield
31260500	Dragonkin Flame Crest Wooden Shield
31260600	Gravity Flame Crest Wooden Shield
31260700	Flame Flame Crest Wooden Shield
31260800	Golden Flame Crest Wooden Shield
31260900	Draconic Flame Crest Wooden Shield
31261000	Bestial Flame Crest Wooden Shield
31261100	Night Flame Crest Wooden Shield
31261200	Lava Flame Crest Wooden Shield
31270000	Hawk Crest Wooden Shield
31270100	Heavy Hawk Crest Wooden Shield
31270200	Keen Hawk Crest Wooden Shield
31270300	Quality Hawk Crest Wooden Shield
31270400	Glint Hawk Crest Wooden Shield
31270500	Dragonkin Hawk Crest Wooden Shield
31270600	Gravity Hawk Crest Wooden Shield
31270700	Flame Hawk Crest Wooden Shield
31270800	Golden Hawk Crest Wooden Shield
31270900	Draconic Hawk Crest Wooden Shield
31271000	Bestial Hawk Crest Wooden Shield
31271100	Night Hawk Crest Wooden Shield
31271200	Lava Hawk Crest Wooden Shield
31280000	Beast Crest Heater Shield
31280100	Heavy Beast Crest Heater Shield
31280200	Keen Beast Crest Heater Shield
31280300	Quality Beast Crest Heater Shield
31280400	Glint Beast Crest Heater Shield
31280500	Dragonkin Beast Crest Heater Shield
31280600	Gravity Beast Crest Heater Shield
31280700	Flame Beast Crest Heater Shield
31280800	Golden Beast Crest Heater Shield
31280900	Draconic Beast Crest Heater Shield
31281000	Bestial Beast Crest Heater Shield
31281100	Night Beast Crest Heater Shield
31281200	Lava Beast Crest Heater Shield
31290000	Red Crest Heater Shield
31290100	Heavy Red Crest Heater Shield
31290200	Keen Red Crest Heater Shield
31290300	Quality Red Crest Heater Shield
31290400	Glint Red Crest Heater Shield
31290500	Dragonkin Red Crest Heater Shield
31290600	Gravity Red Crest Heater Shield
31290700	Flame Red Crest Heater Shield
31290800	Golden Red Crest Heater Shield
31290900	Draconic Red Crest Heater Shield
31291000	Bestial Red Crest Heater Shield
31291100	Night Red Crest Heater Shield
31291200	Lava Red Crest Heater Shield
31300000	Blue Crest Heater Shield
31300100	Heavy Blue Crest Heater Shield
31300200	Keen Blue Crest Heater Shield
31300300	Quality Blue Crest Heater Shield
31300400	Glint Blue Crest Heater Shield
31300500	Dragonkin Blue Crest Heater Shield
31300600	Gravity Blue Crest Heater Shield
31300700	Flame Blue Crest Heater Shield
31300800	Golden Blue Crest Heater Shield
31300900	Draconic Blue Crest Heater Shield
31301000	Bestial Blue Crest Heater Shield
31301100	Night Blue Crest Heater Shield
31301200	Lava Blue Crest Heater Shield
31310000	Eclipse Crest Heater Shield
31310100	Heavy Eclipse Crest Heater Shield
31310200	Keen Eclipse Crest Heater Shield
31310300	Quality Eclipse Crest Heater Shield
31310400	Glint Eclipse Crest Heater Shield
31310500	Dragonkin Eclipse Crest Heater Shield
31310600	Gravity Eclipse Crest Heater Shield
31310700	Flame Eclipse Crest Heater Shield
31310800	Golden Eclipse Crest Heater Shield
31310900	Draconic Eclipse Crest Heater Shield
31311000	Bestial Eclipse Crest Heater Shield
31311100	Night Eclipse Crest Heater Shield
31311200	Lava Eclipse Crest Heater Shield
31320000	Inverted Hawk Heater Shield
31320100	Heavy Inverted Hawk Heater Shield
31320200	Keen Inverted Hawk Heater Shield
31320300	Quality Inverted Hawk Heater Shield
31320400	Glint Inverted Hawk Heater Shield
31320500	Dragonkin Inverted Hawk Heater Shield
31320600	Gravity Inverted Hawk Heater Shield
31320700	Flame Inverted Hawk Heater Shield
31320800	Golden Inverted Hawk Heater Shield
31320900	Draconic Inverted Hawk Heater Shield
31321000	Bestial Inverted Hawk Heater Shield
31321100	Night Inverted Hawk Heater Shield
31321200	Lava Inverted Hawk Heater Shield
31330000	Heater Shield
31330100	Heavy Heater Shield
31330200	Keen Heater Shield
31330300	Quality Heater Shield
31330400	Glint Heater Shield
31330500	Dragonkin Heater Shield
31330600	Gravity Heater Shield
31330700	Flame Heater Shield
31330800	Golden Heater Shield
31330900	Draconic Heater Shield
31331000	Bestial Heater Shield
31331100	Night Heater Shield
31331200	Lava Heater Shield
31340000	Black Leather Shield
31340100	Heavy Black Leather Shield
31340200	Keen Black Leather Shield
31340300	Quality Black Leather Shield
31340400	Glint Black Leather Shield
31340500	Dragonkin Black Leather Shield
31340600	Gravity Black Leather Shield
31340700	Flame Black Leather Shield
31340800	Golden Black Leather Shield
31340900	Draconic Black Leather Shield
31341000	Bestial Black Leather Shield
31341100	Night Black Leather Shield
31341200	Lava Black Leather Shield
31350000	Aegis of Hadea
31500000	Messmer Soldier Shield
31500100	Heavy Messmer Soldier Shield
31500200	Keen Messmer Soldier Shield
31500300	Quality Messmer Soldier Shield
31500400	Fire Messmer Soldier Shield
31500500	Flame Art Messmer Soldier Shield
31500600	Lightning Messmer Soldier Shield
31500700	Sacred Messmer Soldier Shield
31500800	Magic Messmer Soldier Shield
31500900	Cold Messmer Soldier Shield
31501000	Poison Messmer Soldier Shield
31501100	Blood Messmer Soldier Shield
31501200	Occult Messmer Soldier Shield
31510000	Wolf Crest Shield
31510100	Heavy Wolf Crest Shield
31510200	Keen Wolf Crest Shield
31510300	Quality Wolf Crest Shield
31510400	Fire Wolf Crest Shield
31510500	Flame Art Wolf Crest Shield
31510600	Lightning Wolf Crest Shield
31510700	Sacred Wolf Crest Shield
31510800	Magic Wolf Crest Shield
31510900	Cold Wolf Crest Shield
31511000	Poison Wolf Crest Shield
31511100	Blood Wolf Crest Shield
31511200	Occult Wolf Crest Shield
31520000	Serpent Crest Shield
31520100	Heavy Serpent Crest Shield
31520200	Keen Serpent Crest Shield
31520300	Quality Serpent Crest Shield
31520400	Fire Serpent Crest Shield
31520500	Flame Art Serpent Crest Shield
31520600	Lightning Serpent Crest Shield
31520700	Sacred Serpent Crest Shield
31520800	Magic Serpent Crest Shield
31520900	Cold Serpent Crest Shield
31521000	Poison Serpent Crest Shield
31521100	Blood Serpent Crest Shield
31521200	Occult Serpent Crest Shield
31530000	Golden Lion Shield
32000000	Dragon Towershield
32000100	Heavy Dragon Towershield
32000200	Keen Dragon Towershield
32000300	Quality Dragon Towershield
32000400	Glint Dragon Towershield
32000500	Dragonkin Dragon Towershield
32000600	Gravity Dragon Towershield
32000700	Flame Dragon Towershield
32000800	Golden Dragon Towershield
32000900	Draconic Dragon Towershield
32001000	Bestial Dragon Towershield
32001100	Night Dragon Towershield
32001200	Lava Dragon Towershield
32020000	Distinguished Greatshield
32020100	Distinguished Heavy Greatshield
32020200	Distinguished Keen Greatshield
32020300	Distinguished Quality Greatshield
32020400	Distinguished Glint Greatshield
32020500	Distinguished Dragonkin Greatshield
32020600	Distinguished Gravity Greatshield
32020700	Distinguished Flame Greatshield
32020800	Distinguished Golden Greatshield
32020900	Distinguished Draconic Greatshield
32021000	Distinguished Bestial Greatshield
32021100	Distinguished Night Greatshield
32021200	Distinguished Lava Greatshield
32030000	Crucible Hornshield
32030100	Heavy Crucible Hornshield
32030200	Keen Crucible Hornshield
32030300	Quality Crucible Hornshield
32030400	Glint Crucible Hornshield
32030500	Dragonkin Crucible Hornshield
32030600	Gravity Crucible Hornshield
32030700	Flame Crucible Hornshield
32030800	Golden Crucible Hornshield
32030900	Draconic Crucible Hornshield
32031000	Bestial Crucible Hornshield
32031100	Night Crucible Hornshield
32031200	Lava Crucible Hornshield
32040000	Dragonclaw Shield
32040100	Heavy Dragonclaw Shield
32040200	Keen Dragonclaw Shield
32040300	Quality Dragonclaw Shield
32040400	Glint Dragonclaw Shield
32040500	Dragonkin Dragonclaw Shield
32040600	Gravity Dragonclaw Shield
32040700	Flame Dragonclaw Shield
32040800	Golden Dragonclaw Shield
32040900	Draconic Dragonclaw Shield
32041000	Bestial Dragonclaw Shield
32041100	Night Dragonclaw Shield
32041200	Lava Dragonclaw Shield
32050000	Briar Greatshield
32050100	Heavy Briar Greatshield
32050200	Keen Briar Greatshield
32050300	Quality Briar Greatshield
32050400	Glint Briar Greatshield
32050500	Dragonkin Briar Greatshield
32050600	Gravity Briar Greatshield
32050700	Flame Briar Greatshield
32050800	Golden Briar Greatshield
32050900	Draconic Briar Greatshield
32051000	Bestial Briar Greatshield
32051100	Night Briar Greatshield
32051200	Lava Briar Greatshield
32080000	Erdtree Greatshield
32080100	Heavy Erdtree Greatshield
32080200	Keen Erdtree Greatshield
32080300	Quality Erdtree Greatshield
32080400	Glint Erdtree Greatshield
32080500	Dragonkin Erdtree Greatshield
32080600	Gravity Erdtree Greatshield
32080700	Flame Erdtree Greatshield
32080800	Golden Erdtree Greatshield
32080900	Draconic Erdtree Greatshield
32081000	Bestial Erdtree Greatshield
32081100	Night Erdtree Greatshield
32081200	Lava Erdtree Greatshield
32090000	Golden Beast Crest Shield
32090100	Heavy Golden Beast Crest Shield
32090200	Keen Golden Beast Crest Shield
32090300	Quality Golden Beast Crest Shield
32090400	Glint Golden Beast Crest Shield
32090500	Dragonkin Golden Beast Crest Shield
32090600	Gravity Golden Beast Crest Shield
32090700	Flame Golden Beast Crest Shield
32090800	Golden Golden Beast Crest Shield
32090900	Draconic Golden Beast Crest Shield
32091000	Bestial Golden Beast Crest Shield
32091100	Night Golden Beast Crest Shield
32091200	Lava Golden Beast Crest Shield
32120000	Jellyfish Shield
32130000	Fingerprint Stone Shield
32130100	Heavy Fingerprint Stone Shield
32130200	Keen Fingerprint Stone Shield
32130300	Quality Fingerprint Stone Shield
32130400	Glint Fingerprint Stone Shield
32130500	Dragonkin Fingerprint Stone Shield
32130600	Gravity Fingerprint Stone Shield
32130700	Flame Fingerprint Stone Shield
32130800	Golden Fingerprint Stone Shield
32130900	Draconic Fingerprint Stone Shield
32131000	Bestial Fingerprint Stone Shield
32131100	Night Fingerprint Stone Shield
32131200	Lava Fingerprint Stone Shield
32140000	Icon Shield
32140100	Heavy Icon Shield
32140200	Keen Icon Shield
32140300	Quality Icon Shield
32140400	Glint Icon Shield
32140500	Dragonkin Icon Shield
32140600	Gravity Icon Shield
32140700	Flame Icon Shield
32140800	Golden Icon Shield
32140900	Draconic Icon Shield
32141000	Bestial Icon Shield
32141100	Night Icon Shield
32141200	Lava Icon Shield
32150000	One-Eyed Shield
32160000	Visage Shield
32170000	Spiked Palisade Shield
32170100	Heavy Spiked Palisade Shield
32170200	Keen Spiked Palisade Shield
32170300	Quality Spiked Palisade Shield
32170400	Glint Spiked Palisade Shield
32170500	Dragonkin Spiked Palisade Shield
32170600	Gravity Spiked Palisade Shield
32170700	Flame Spiked Palisade Shield
32170800	Golden Spiked Palisade Shield
32170900	Draconic Spiked Palisade Shield
32171000	Bestial Spiked Palisade Shield
32171100	Night Spiked Palisade Shield
32171200	Lava Spiked Palisade Shield
32190000	Manor Towershield
32190100	Heavy Manor Towershield
32190200	Keen Manor Towershield
32190300	Quality Manor Towershield
32190400	Glint Manor Towershield
32190500	Dragonkin Manor Towershield
32190600	Gravity Manor Towershield
32190700	Flame Manor Towershield
32190800	Golden Manor Towershield
32190900	Draconic Manor Towershield
32191000	Bestial Manor Towershield
32191100	Night Manor Towershield
32191200	Lava Manor Towershield
32200000	Crossed-Tree Towershield
32200100	Heavy Crossed-Tree Towershield
32200200	Keen Crossed-Tree Towershield
32200300	Quality Crossed-Tree Towershield
32200400	Glint Crossed-Tree Towershield
32200500	Dragonkin Crossed-Tree Towershield
32200600	Gravity Crossed-Tree Towershield
32200700	Flame Crossed-Tree Towershield
32200800	Golden Crossed-Tree Towershield
32200900	Draconic Crossed-Tree Towershield
32201000	Bestial Crossed-Tree Towershield
32201100	Night Crossed-Tree Towershield
32201200	Lava Crossed-Tree Towershield
32210000	Inverted Hawk Towershield
32210100	Heavy Inverted Hawk Towershield
32210200	Keen Inverted Hawk Towershield
32210300	Quality Inverted Hawk Towershield
32210400	Glint Inverted Hawk Towershield
32210500	Dragonkin Inverted Hawk Towershield
32210600	Gravity Inverted Hawk Towershield
32210700	Flame Inverted Hawk Towershield
32210800	Golden Inverted Hawk Towershield
32210900	Draconic Inverted Hawk Towershield
32211000	Bestial Inverted Hawk Towershield
32211100	Night Inverted Hawk Towershield
32211200	Lava Inverted Hawk Towershield
32220000	Ant's Skull Plate
32230000	Redmane Greatshield
32230100	Heavy Redmane Greatshield
32230200	Keen Redmane Greatshield
32230300	Quality Redmane Greatshield
32230400	Glint Redmane Greatshield
32230500	Dragonkin Redmane Greatshield
32230600	Gravity Redmane Greatshield
32230700	Flame Redmane Greatshield
32230800	Golden Redmane Greatshield
32230900	Draconic Redmane Greatshield
32231000	Bestial Redmane Greatshield
32231100	Night Redmane Greatshield
32231200	Lava Redmane Greatshield
32240000	Eclipse Crest Greatshield
32240100	Heavy Eclipse Crest Greatshield
32240200	Keen Eclipse Crest Greatshield
32240300	Quality Eclipse Crest Greatshield
32240400	Glint Eclipse Crest Greatshield
32240500	Dragonkin Eclipse Crest Greatshield
32240600	Gravity Eclipse Crest Greatshield
32240700	Flame Eclipse Crest Greatshield
32240800	Golden Eclipse Crest Greatshield
32240900	Draconic Eclipse Crest Greatshield
32241000	Bestial Eclipse Crest Greatshield
32241100	Night Eclipse Crest Greatshield
32241200	Lava Eclipse Crest Greatshield
32250000	Cuckoo Greatshield
32250100	Heavy Cuckoo Greatshield
32250200	Keen Cuckoo Greatshield
32250300	Quality Cuckoo Greatshield
32250400	Glint Cuckoo Greatshield
32250500	Dragonkin Cuckoo Greatshield
32250600	Gravity Cuckoo Greatshield
32250700	Flame Cuckoo Greatshield
32250800	Golden Cuckoo Greatshield
32250900	Draconic Cuckoo Greatshield
32251000	Bestial Cuckoo Greatshield
32251100	Night Cuckoo Greatshield
32251200	Lava Cuckoo Greatshield
32260000	Golden Greatshield
32260100	Heavy Golden Greatshield
32260200	Keen Golden Greatshield
32260300	Quality Golden Greatshield
32260400	Glint Golden Greatshield
32260500	Dragonkin Golden Greatshield
32260600	Gravity Golden Greatshield
32260700	Flame Golden Greatshield
32260800	Golden Golden Greatshield
32260900	Draconic Golden Greatshield
32261000	Bestial Golden Greatshield
32261100	Night Golden Greatshield
32261200	Lava Golden Greatshield
32270000	Gilded Greatshield
32270100	Heavy Gilded Greatshield
32270200	Keen Gilded Greatshield
32270300	Quality Gilded Greatshield
32270400	Glint Gilded Greatshield
32270500	Dragonkin Gilded Greatshield
32270600	Gravity Gilded Greatshield
32270700	Flame Gilded Greatshield
32270800	Golden Gilded Greatshield
32270900	Draconic Gilded Greatshield
32271000	Bestial Gilded Greatshield
32271100	Night Gilded Greatshield
32271200	Lava Gilded Greatshield
32280000	Haligtree Crest Greatshield
32280100	Heavy Haligtree Crest Greatshield
32280200	Keen Haligtree Crest Greatshield
32280300	Quality Haligtree Crest Greatshield
32280400	Glint Haligtree Crest Greatshield
32280500	Dragonkin Haligtree Crest Greatshield
32280600	Gravity Haligtree Crest Greatshield
32280700	Flame Haligtree Crest Greatshield
32280800	Golden Haligtree Crest Greatshield
32280900	Draconic Haligtree Crest Greatshield
32281000	Bestial Haligtree Crest Greatshield
32281100	Night Haligtree Crest Greatshield
32281200	Lava Haligtree Crest Greatshield
32290000	Wooden Greatshield
32290100	Heavy Wooden Greatshield
32290200	Keen Wooden Greatshield
32290300	Quality Wooden Greatshield
32290400	Glint Wooden Greatshield
32290500	Dragonkin Wooden Greatshield
32290600	Gravity Wooden Greatshield
32290700	Flame Wooden Greatshield
32290800	Golden Wooden Greatshield
32290900	Draconic Wooden Greatshield
32291000	Bestial Wooden Greatshield
32291100	Night Wooden Greatshield
32291200	Lava Wooden Greatshield
32300000	Lordsworn's Shield
32300100	Heavy Lordsworn's Shield
32300200	Keen Lordsworn's Shield
32300300	Quality Lordsworn's Shield
32300400	Glint Lordsworn's Shield
32300500	Dragonkin Lordsworn's Shield
32300600	Gravity Lordsworn's Shield
32300700	Flame Lordsworn's Shield
32300800	Golden Lordsworn's Shield
32300900	Draconic Lordsworn's Shield
32301000	Bestial Lordsworn's Shield
32301100	Night Lordsworn's Shield
32301200	Lava Lordsworn's Shield
32500000	Black Steel Greatshield
32500100	Heavy Black Steel Greatshield
32500200	Keen Black Steel Greatshield
32500300	Quality Black Steel Greatshield
32500400	Fire Black Steel Greatshield
32500500	Flame Art Black Steel Greatshield
32500600	Lightning Black Steel Greatshield
32500700	Sacred Black Steel Greatshield
32500800	Magic Black Steel Greatshield
32500900	Cold Black Steel Greatshield
32501000	Poison Black Steel Greatshield
32501100	Blood Black Steel Greatshield
32501200	Occult Black Steel Greatshield
32520000	Verdigris Greatshield
32900000	[ERROR]
32910000	[ERROR]
32920000	[ERROR]
33000000	Glintstone Staff
33040000	Crystal Staff
33050000	Gelmir Lava Staff
33060000	Blighted Branch
33090000	Carian Regal Scepter
33120000	Digger's Staff
33130000	Astrologer's Staff
33170000	Carian Glintblade Staff
33180000	Prince of Death's Staff
33190000	Albinauric Staff
33200000	Dragon Student Staff
33210000	Carian Glintstone Staff
33230000	Azur's Glintstone Staff
33240000	Lusat's Night Staff
33250000	Meteorite Staff
33260000	Staff of the Guilty
33270000	Rotten Crystal Staff
33280000	Staff of Loss
33290000	Dragonkin Scepter
33300000	Ranni's Staff
33310000	Snow Witch Staff
33320000	Staff of Briar
33330000	Lavastone Staff
33340000	Tempestcaller's Staff
33350000	Stormcaller's Staff
33510000	Staff of the Great Beyond
33520000	Maternal Staff
33900000	[ERROR]
33910000	[ERROR]
33920000	[ERROR]
33930000	[ERROR]
33940000	[ERROR]
33950000	[ERROR]
33960000	[ERROR]
33970000	[ERROR]
33980000	[ERROR]
34000000	Finger Seal
34010000	Godslayer's Seal
34020000	Giant's Seal
34030000	Gravel Stone Seal
34040000	Clawmark Seal
34060000	Golden Order Seal
34070000	Erdtree Seal
34080000	Dragon Communion Seal
34090000	Frenzied Flame Seal
34100000	Godskin Seal
34110000	Fire Monk's Seal
34120000	Dragon Cult Seal
34130000	Earthbreaker Seal
34140000	Fingerprint Seal
34150000	Mohgwyn Seal
34160000	War Surgeon's Seal
34170000	Seal of Rot
34180000	Pest's Seal
34190000	Spiritshaper Seal
34200000	Mystic Seal
34500000	Dryleaf Seal
34510000	Fire Knight's Seal
34520000	Spiraltree Seal
34900000	[ERROR]
34910000	[ERROR]
34920000	[ERROR]
34930000	[ERROR]
34940000	[ERROR]
34950000	[ERROR]
34960000	[ERROR]
34970000	[ERROR]
34980000	[ERROR]
34990000	[ERROR]
40000000	Shortbow
40010000	Misbegotten Shortbow
40020000	Red Branch Shortbow
40030000	Harp Bow
40050000	Composite Bow
40500000	Bone Bow
41000000	Longbow
41010000	Albinauric Bow
41020000	Horn Bow
41030000	Erdtree Bow
41040000	Serpent Bow
41060000	Pulley Bow
41070000	Black Bow
41080000	Scadu Sapling
41090000	Devonia's Longbow
41510000	Ansbach's Longbow
42000000	Lion Greatbow
42010000	Golem Greatbow
42030000	Erdtree Greatbow
42040000	Greatbow
42500000	Igon's Greatbow
43000000	Soldier's Crossbow
43020000	Light Crossbow
43030000	Heavy Crossbow
43050000	Pulley Crossbow
43060000	Full Moon Crossbow
43080000	Arbalest
43100000	Buckshot Crossbow
43110000	Crepus's Black-Key Crossbow
43500000	Repeating Crossbow
43510000	Spread Crossbow
43900000	[ERROR]
44000000	Hand Ballista
44010000	Jar Cannon
44500000	Rabbath's Cannon
50000000	Arrow 
50010000	Fire Arrow 
50020000	Serpent Arrow 
50030000	Bone Arrow (Fletched) 
50040000	St. Trina's Arrow 
50060000	Shattershard Arrow (Fletched) 
50080000	Rainbow Stone Arrow (Fletched) 
50090000	Golden Arrow 
50100000	Dwelling Arrow 
50110000	Bone Arrow 
50130000	Firebone Arrow (Fletched) 
50140000	Firebone Arrow 
50150000	Poisonbone Arrow (Fletched) 
50160000	Poisonbone Arrow 
50170000	Sleepbone Arrow (Fletched) 
50180000	Sleepbone Arrow 
50190000	Stormwing Bone Arrow 
50200000	Lightningbone Arrow (Fletched) 
50210000	Lightningbone Arrow 
50220000	Rainbow Stone Arrow 
50230000	Shattershard Arrow 
50240000	Spiritflame Arrow 
50250000	Storm Arrow 
50260000	Magicbone Arrow (Fletched) 
50270000	Magicbone Arrow 
50280000	Haligbone Arrow (Fletched) 
50290000	Haligbone Arrow 
50300000	Bloodbone Arrow (Fletched) 
50310000	Bloodbone Arrow 
50320000	Coldbone Arrow (Fletched) 
50330000	Coldbone Arrow 
50340000	Rotbone Arrow (Fletched) 
50350000	Rotbone Arrow 
50360000	Frenzybone Arrow (Fletched) 
50370000	Frenzybone Arrow 
50380000	Blightbone Arrow (Fletched) 
50390000	Blightbone Arrow 
50540000	Piquebone Arrow (Fletched) 
50550000	Piquebone Arrow 
51000000	Great Arrow 
51010000	Golem's Great Arrow 
51020000	Golden Great Arrow 
51030000	Golem's Magic Arrow 
51040000	Radahn's Spear
51050000	Bone Great Arrow (Fletched) 
51060000	Bone Great Arrow 
51070000	Lightning Great Arrow 
51500000	Igon's Harpoon
52000000	Bolt 
52010000	Lightning Bolt 
52020000	Perfumer's Bolt 
52030000	Black-Key Bolt 
52040000	Burred Bolt 
52050000	Meteor Bolt 
52060000	Explosive Bolt 
52070000	Golden Bolt 
52080000	Lordsworn's Bolt 
52090000	Bone Bolt 
52100000	Firebone Bolt 
52110000	Lightningbone Bolt 
52120000	Magicbone Bolt 
52130000	Haligbone Bolt 
52140000	Poisonbone Bolt 
52150000	Bloodbone Bolt 
52160000	Coldbone Bolt 
52170000	Rotbone Bolt 
52180000	Sleepbone Bolt 
52190000	Flaming Bolt 
52200000	Frenzybone Bolt 
52210000	Blightbone Bolt 
52520000	Piquebone Bolt 
52900000	[ERROR]
52910000	[ERROR]
53000000	Ballista Bolt 
53010000	Lightning Greatbolt 
53020000	Explosive Greatbolt 
53030000	Bone Ballista Bolt 
53500000	Rabbath's Greatbolt
60500000	Dryleaf Arts
60500100	Heavy Dryleaf Arts
60500200	Keen Dryleaf Arts
60500300	Quality Dryleaf Arts
60500400	Glint Dryleaf Arts
60500500	Dragonkin Dryleaf Arts
60500600	Gravity Dryleaf Arts
60500700	Flame Dryleaf Arts
60500800	Golden Dryleaf Arts
60500900	Draconic Dryleaf Arts
60501000	Bestial Dryleaf Arts
60501100	Night Dryleaf Arts
60501200	Lava Dryleaf Arts
60501300	Frenzy Dryleaf Arts
60501400	Death Dryleaf Arts
60501500	Godslayer Dryleaf Arts
60501600	Frost Dryleaf Arts
60501700	Aberrant Dryleaf Arts
60501800	Bloodflame Dryleaf Arts
60501900	Rotten Dryleaf Arts
60502000	Storm Dryleaf Arts
60502100	Mystic Dryleaf Arts
60510000	Dane's Footwork
60510100	Dane's Heavy Footwork
60510200	Dane's Keen Footwork
60510300	Dane's Quality Footwork
60510400	Dane's Glint Footwork
60510500	Dane's Dragonkin Footwork
60510600	Dane's Gravity Footwork
60510700	Dane's Flame Footwork
60510800	Dane's Golden Footwork
60510900	Dane's Draconic Footwork
60511000	Dane's Bestial Footwork
60511100	Dane's Night Footwork
60511200	Dane's Lava Footwork
60511300	Dane's Frenzy Footwork
60511400	Dane's Death Footwork
60511500	Dane's Godslayer Footwork
60511600	Dane's Frost Footwork
60511700	Dane's Aberrant Footwork
60511800	Dane's Bloodflame Footwork
60511900	Dane's Rotten Footwork
60512000	Dane's Storm Footwork
60512100	Dane's Mystic Footwork
60520000	Rancor Touch
60530000	Bracelet of Shadow
60540000	Bracelet of Gold
61500000	Firespark Perfume Bottle
61510000	Chilling Perfume Bottle
61520000	Frenzyflame Perfume Bottle
61530000	Lightning Perfume Bottle
61540000	Deadly Poison Perfume Bottle
62500000	Dueling Shield
62500100	Heavy Dueling Shield
62500200	Keen Dueling Shield
62500300	Quality Dueling Shield
62500400	Glint Dueling Shield
62500500	Dragonkin Dueling Shield
62500600	Gravity Dueling Shield
62500700	Flame Dueling Shield
62500800	Golden Dueling Shield
62500900	Draconic Dueling Shield
62501000	Bestial Dueling Shield
62501100	Night Dueling Shield
62501200	Lava Dueling Shield
62501300	Frenzy Dueling Shield
62501400	Death Dueling Shield
62501500	Godslayer Dueling Shield
62501600	Frost Dueling Shield
62501700	Aberrant Dueling Shield
62501800	Bloodflame Dueling Shield
62501900	Rotten Dueling Shield
62502000	Storm Dueling Shield
62502100	Mystic Dueling Shield
62510000	Carian Thrusting Shield
62510100	Heavy Carian Thrusting Shield
62510200	Keen Carian Thrusting Shield
62510300	Quality Carian Thrusting Shield
62510400	Fire Carian Thrusting Shield
62510500	Flame Art Carian Thrusting Shield
62510600	Lightning Carian Thrusting Shield
62510700	Sacred Carian Thrusting Shield
62510800	Magic Carian Thrusting Shield
62510900	Cold Carian Thrusting Shield
62511000	Poison Carian Thrusting Shield
62511100	Blood Carian Thrusting Shield
62511200	Occult Carian Thrusting Shield
63500000	Smithscript Dagger
63500100	Heavy Smithscript Dagger
63500200	Keen Smithscript Dagger
63500300	Quality Smithscript Dagger
63500400	Glint Smithscript Dagger
63500500	Dragonkin Smithscript Dagger
63500600	Gravity Smithscript Dagger
63500700	Flame Smithscript Dagger
63500800	Golden Smithscript Dagger
63500900	Draconic Smithscript Dagger
63501000	Bestial Smithscript Dagger
63501100	Night Smithscript Dagger
63501200	Lava Smithscript Dagger
63501300	Frenzy Smithscript Dagger
63501400	Death Smithscript Dagger
63501500	Godslayer Smithscript Dagger
63501600	Frost Smithscript Dagger
63501700	Aberrant Smithscript Dagger
63501800	Bloodflame Smithscript Dagger
63501900	Rotten Smithscript Dagger
63502000	Storm Smithscript Dagger
63502100	Mystic Smithscript Dagger
64500000	Backhand Blade
64500100	Heavy Backhand Blade
64500200	Keen Backhand Blade
64500300	Quality Backhand Blade
64500400	Glint Backhand Blade
64500500	Dragonkin Backhand Blade
64500600	Gravity Backhand Blade
64500700	Flame Backhand Blade
64500800	Golden Backhand Blade
64500900	Draconic Backhand Blade
64501000	Bestial Backhand Blade
64501100	Night Backhand Blade
64501200	Lava Backhand Blade
64501300	Frenzy Backhand Blade
64501400	Death Backhand Blade
64501500	Godslayer Backhand Blade
64501600	Frost Backhand Blade
64501700	Aberrant Backhand Blade
64501800	Bloodflame Backhand Blade
64501900	Rotten Backhand Blade
64502000	Storm Backhand Blade
64502100	Mystic Backhand Blade
64510000	Smithscript Cirque
64510100	Heavy Smithscript Cirque
64510200	Keen Smithscript Cirque
64510300	Quality Smithscript Cirque
64510400	Glint Smithscript Cirque
64510500	Dragonkin Smithscript Cirque
64510600	Gravity Smithscript Cirque
64510700	Flame Smithscript Cirque
64510800	Golden Smithscript Cirque
64510900	Draconic Smithscript Cirque
64511000	Bestial Smithscript Cirque
64511100	Night Smithscript Cirque
64511200	Lava Smithscript Cirque
64511300	Frenzy Smithscript Cirque
64511400	Death Smithscript Cirque
64511500	Godslayer Smithscript Cirque
64511600	Frost Smithscript Cirque
64511700	Aberrant Smithscript Cirque
64511800	Bloodflame Smithscript Cirque
64511900	Rotten Smithscript Cirque
64512000	Storm Smithscript Cirque
64512100	Mystic Smithscript Cirque
64520000	Curseblade's Cirque
64530000	Fingerslayer Blade
64550000	Crescent Moons
66500000	Great Katana
66500100	Heavy Great Katana
66500200	Keen Great Katana
66500300	Quality Great Katana
66500400	Glint Great Katana
66500500	Dragonkin Great Katana
66500600	Gravity Great Katana
66500700	Flame Great Katana
66500800	Golden Great Katana
66500900	Draconic Great Katana
66501000	Bestial Great Katana
66501100	Night Great Katana
66501200	Lava Great Katana
66501300	Frenzy Great Katana
66501400	Death Great Katana
66501500	Godslayer Great Katana
66501600	Frost Great Katana
66501700	Aberrant Great Katana
66501800	Bloodflame Great Katana
66501900	Rotten Great Katana
66502000	Storm Great Katana
66502100	Mystic Great Katana
66510000	Dragon-Hunter's Great Katana
66520000	Rakshasa's Great Katana
66530000	Eagle's Edge
67500000	Milady
67500100	Heavy Milady
67500200	Keen Milady
67500300	Quality Milady
67500400	Glint Milady
67500500	Dragonkin Milady
67500600	Gravity Milady
67500700	Flame Milady
67500800	Golden Milady
67500900	Draconic Milady
67501000	Bestial Milady
67501100	Night Milady
67501200	Lava Milady
67501300	Frenzy Milady
67501400	Death Milady
67501500	Godslayer Milady
67501600	Frost Milady
67501700	Aberrant Milady
67501800	Bloodflame Milady
67501900	Rotten Milady
67502000	Storm Milady
67502100	Mystic Milady
67510000	Leda's Sword
67520000	Rellana's Twin Blades
67530000	Sword of the Cosmos
67540000	Konrad's Bloodletter
67550000	Nia's Passot
67700000	Primeval Splinter
68500000	Beast Claw
68500100	Heavy Beast Claw
68500200	Keen Beast Claw
68500300	Quality Beast Claw
68500400	Glint Beast Claw
68500500	Dragonkin Beast Claw
68500600	Gravity Beast Claw
68500700	Flame Beast Claw
68500800	Golden Beast Claw
68500900	Draconic Beast Claw
68501000	Bestial Beast Claw
68501100	Night Beast Claw
68501200	Lava Beast Claw
68501300	Frenzy Beast Claw
68501400	Death Beast Claw
68501500	Godslayer Beast Claw
68501600	Frost Beast Claw
68501700	Aberrant Beast Claw
68501800	Bloodflame Beast Claw
68501900	Rotten Beast Claw
68502000	Storm Beast Claw
68502100	Mystic Beast Claw
68510000	Red Bear's Claw
68540000	Goras' Claw
68550000	Transcendent Talons
69500000	Smithscript Rosary
